政府統計コード	政府統計名	作成機関	担当部局課室名	統計の種類	提供周期	データ一覧	統計表ファイル	データベース	作成機関情報
00000001	民間企業退職金実態調査	内閣官房	内閣人事局退職手当第２係	-	１回限り	?登録あり	〇	-	?作成機関情報
00000002	"一般職国家公務員在職状況統計表
（人事統計報告）"	内閣官房	内閣人事局調査係	業務統計	年	?登録あり	〇	-	?作成機関情報
00000003	国家公務員退職手当実態調査	内閣官房	内閣人事局退職手当第２係	業務統計	年	?登録あり	〇	-	?作成機関情報
00020111	民間企業の勤務条件制度等調査	人事院	職員福祉局職員福祉課	一般統計	年	?登録あり	〇	〇	?作成機関情報
00020112	国家公務員死因調査	人事院	職員福祉局職員福祉課	業務統計	３年	?登録あり	〇	〇	?作成機関情報
00020131	国家公務員災害補償統計	人事院	職員福祉局補償課	業務統計	年	?登録あり	〇	〇	?作成機関情報
00020151	退職公務員生活状況調査	人事院	給与局生涯設計課	一般統計	不定期	?登録あり	〇	〇	?作成機関情報
00020211	一般職の国家公務員の任用状況調査	人事院	人材局企画課	業務統計	年	?登録あり	〇	〇	?作成機関情報
00020311	職種別民間給与実態調査	人事院	給与局給与第一課	一般統計	年	?登録あり	〇	-	?作成機関情報
00020312	国家公務員給与等実態調査	人事院	給与局給与第一課	業務統計	年	?登録あり	〇	-	?作成機関情報
00020321	民間企業における役員報酬（給与）調査	人事院	給与局給与第二課	一般統計	年	?登録あり	〇	-	?作成機関情報
00100001	景気ウォッチャー調査	内閣府	政策統括官（経済財政分析担当）付参事官（地域担当）	一般統計	月	?登録あり	〇	〇	?作成機関情報
00100002	「絆」と社会サービスに関する調査	内閣府	政策統括官（経済社会システム）付参事官（社会システム担当）	一般統計	平成24年度のみ	?登録あり	〇	-	?作成機関情報
00100003	特定非営利活動法人及び市民の社会貢献に関する実態調査	内閣府	政策統括官（経済社会システム担当）付参事官（共助社会づくり推進担当）	一般統計	１回限り	?登録あり	〇	-	?作成機関情報
00100004	市民の社会貢献に関する実態調査	内閣府	政策統括官（経済社会システム担当）付参事官（共助社会づくり推進担当）	一般統計	３年	?登録あり	〇	-	?作成機関情報
00100005	特定非営利活動法人に関する実態調査	内閣府	"政策統括官（経済社会システム担当）
付参事官（共助社会づくり推進担当）付"	一般統計	３年	?登録あり	〇	-	?作成機関情報
00100101	情報化社会と青少年に関する調査	内閣府	政策統括官（共生社会政策担当）付参事官（青少年環境整備担当）	その他	５年	?登録あり	〇	〇	?作成機関情報
00100102	青少年の生活と意識に関する基本調査	内閣府	政策統括官（共生社会政策担当）付参事官（青少年企画担当）	その他	平成12年度のみ	?登録あり	〇	〇	?作成機関情報
00100103	低年齢少年の価値観等に関する調査	内閣府	政策統括官（共生社会政策担当）付参事官（青少年企画担当）	その他	平成11年度のみ	?登録あり	〇	〇	?作成機関情報
00100104	非行原因に関する総合的研究調査	内閣府	政策統括官（共生社会政策担当）付参事官（青少年環境整備担当）	その他	平成10年度のみ	?登録あり	〇	〇	?作成機関情報
00100105	青少年のインターネット利用環境実態調査	内閣府	政策統括官（共生社会政策担当）付参事官（青少年環境整備担当）	一般統計	年	?登録あり	〇	〇	?作成機関情報
00100106	高齢者の生活と意識に関する国際比較調査	内閣府	政策統括官（共生社会政策担当）付参事官（高齢社会対策担当）	一般統計	５年	?登録あり	〇	-	?作成機関情報
00100107	若者の生活に関する調査	内閣府	政策統括官（共生社会政策担当）付参事官（青少年支援担当）	一般統計	１回限り	?登録あり	〇	〇	?作成機関情報
00100108	高齢者の経済・生活環境に関する調査	内閣府	政策統括官（共生社会政策担当）付参事官（高齢社会対策担当）	一般統計	１回限り	?登録あり	〇	-	?作成機関情報
00100109	低年齢層の子供のインターネット利用環境実態調査	内閣府	政策統括官（共生社会政策担当）付参事官（青少年環境整備担当）	一般統計	１回限り	?登録あり	〇	〇	?作成機関情報
00100111	高齢者の健康に関する調査	内閣府	政策統括官（共生社会政策担当）付参事官（高齢社会対策担当）	一般統計	１回限り	?登録あり	〇	-	?作成機関情報
00100112	児童手当事業年報	内閣府	子ども・子育て本部児童手当管理室	業務統計	年	?登録あり	〇	-	?作成機関情報
00100113	高齢者の住宅と生活環境に関する調査	内閣府	政策統括官（共生社会政策担当）付参事官（高齢社会対策担当）	一般統計	１回限り	?登録あり	〇	-	?作成機関情報
00100114	生活状況に関する調査	内閣府	政策統括官（共生社会政策担当）付参事官（青少年支援担当）	一般統計	１回限り	?登録あり	〇	-	?作成機関情報
00100115	非行・被害等に関する総合的研究調査	内閣府	内閣府政策統括官（共生社会政策担当）付参事官（青少年環境整備担当）	その他	10年	-	-	-	-
00100116	高齢者の経済生活に関する調査	内閣府	"政策統括官（共生社会政策担当）付参事官（高齢社会対策担当）付
高齢社会対策担当"	一般統計	１回限り	?登録あり	〇	-	?作成機関情報
00100201	男女間における暴力に関する調査	内閣府	男女共同参画局推進課	一般統計	３年	?登録あり	〇	-	?作成機関情報
00100202	企業のワーク・ライフ・バランスに関する調査	内閣府	男女共同参画局推進課	一般統計	一回限り	?登録あり	〇	〇	?作成機関情報
00100301	東日本大震災における地震・津波時の避難に関する実態調査	内閣府	政策統括官（防災担当）付参事官（調査・企画担当）	一般統計	平成24年度のみ	?登録あり	〇	-	?作成機関情報
00100401	機械受注統計調査	内閣府	経済社会総合研究所景気統計部	一般統計	月、四半期	?登録あり	〇	-	?作成機関情報
00100402	企業行動に関するアンケート調査	内閣府	経済社会総合研究所景気統計部	一般統計	年	?登録あり	〇	〇	?作成機関情報
00100403	法人企業動向調査	内閣府	経済社会総合研究所景気統計部	その他	四半期	?登録あり	〇	-	?作成機関情報
00100404	法人企業景気予測調査	内閣府	経済社会総合研究所景気統計部	一般統計	四半期	?登録あり	〇	-	?作成機関情報
00100405	消費動向調査	内閣府	経済社会総合研究所景気統計部	一般統計	月	?登録あり	〇	-	?作成機関情報
00100406	景気動向指数	内閣府	経済社会総合研究所景気統計部	加工統計	月	?登録あり	〇	-	?作成機関情報
00100407	民間非営利団体実態調査	内閣府	経済社会総合研究所国民経済計算部国民支出課	一般統計	年	?登録あり	〇	〇	?作成機関情報
00100408	地方公共団体消費状況等調査	内閣府	経済社会総合研究所国民経済計算部国民支出課	一般統計	四半期	?登録あり	〇	〇	?作成機関情報
00100409	国民経済計算	内閣府	経済社会総合研究所国民経済計算部	基幹統計	年、四半期	?登録あり	〇	〇	?作成機関情報
00100410	民間企業投資・除却調査	内閣府	経済社会総合研究所国民経済計算部国民資産課	一般統計	年	?登録あり	〇	〇	?作成機関情報
00100411	産業連関構造調査（地方公共団体投入調査）	内閣府	経済社会総合研究所国民経済計算部国民支出課	一般統計	５年	?登録あり	〇	-	?作成機関情報
00100412	組織マネジメントに関する調査（JP- MOPS）	内閣府	経済社会総合研究所研究官室	一般統計	１回限り	?登録あり	〇	-	?作成機関情報
00100501	公益法人の寄附金収入に関する実態調査	内閣府	大臣官房公益法人行政担当室	一般統計	１回限り	?登録あり	〇	-	?作成機関情報
00120001	生産・出荷集中度調査	公正取引委員会	事務総局経済取引局総務課経済調査室	業務統計		?登録あり	〇	〇	?作成機関情報
00130001	犯罪統計	警察庁	刑事局捜査支援分析管理官	業務統計	月、年	?登録あり	〇	〇	?作成機関情報
00130002	道路の交通に関する統計	警察庁	交通局交通企画課	業務統計	月、年、半年	?登録あり	〇	〇	?作成機関情報
00160001	消費者団体名簿	消費者庁	消費者教育推進課	業務統計	３年	-	-	-	-
00160003	地方消費者行政の現況調査	消費者庁	地方協力課	業務統計	年	?登録あり	〇	-	?作成機関情報
00200051	恩給統計	総務省	政策統括官（恩給担当）付恩給業務管理官室	業務統計	年	?登録あり	〇	-	?作成機関情報
00200052	都道府県知事裁定恩給に関する統計	総務省	政策統括官（恩給担当）付恩給業務管理官室	業務統計	年	?登録あり	〇	-	?作成機関情報
00200101	行政手続法の施行状況に関する調査	総務省	行政管理局行政手続室	業務統計	不定期	-	-	-	-
00200102	行政不服審査法等の施行状況に関する調査	総務省	行政管理局行政手続室	業務統計	不定期	-	-	-	-
00200111	行政機関等情報公開法施行状況調査	総務省	行政管理局情報公開・個人情報保護推進室	業務統計	年	-	-	-	-
00200121	電子政府基本調査（独立行政法人等）	総務省	行政管理局行政情報システム企画課	その他	年	-	-	-	-
00200122	電子政府基本調査（行政機関）	総務省	行政管理局行政情報システム企画課	その他	年	-	-	-	-
00200123	行政機関等個人情報保護法施行状況調査	総務省	行政管理局情報公開・個人情報保護推進室	業務統計	年	-	-	-	-
00200201	行政投資実績＜都道府県別行政投資実績報告書＞	総務省	自治行政局地域振興室	業務統計	年	?登録あり	〇	-	?作成機関情報
00200211	地方公務員給与実態調査	総務省	自治行政局公務員部給与能率推進室	基幹統計	５年	?登録あり	〇	〇	?作成機関情報
00200221	地方公務員共済組合等事業年報	総務省	自治行政局公務員部福利課	業務統計	年	?登録あり	〇	-	?作成機関情報
00200231	地方公共団体の議会の議員及び長の所属党派別人員調	総務省	自治行政局選挙部管理課	業務統計	１年	?登録あり	〇	-	?作成機関情報
00200232	選挙人名簿及び在外選挙人名簿登録者数	総務省	自治行政局選挙部管理課	業務統計	１年	?登録あり	〇	-	?作成機関情報
00200233	地方公共団体の議会の議員及び長の任期満了に関する調	総務省	自治行政局選挙部管理課	業務統計	１年	?登録あり	〇	-	?作成機関情報
00200234	地方選挙結果調	総務省	自治行政局選挙部管理課	業務統計	４年	?登録あり	〇	-	?作成機関情報
00200235	衆議院議員総選挙  最高裁判所裁判官国民審査結果調	総務省	自治行政局選挙部管理課	業務統計	不定期	?登録あり	〇	-	?作成機関情報
00200236	参議院議員通常選挙結果調	総務省	自治行政局選挙部管理課	業務統計	３年	?登録あり	〇	-	?作成機関情報
00200241	住民基本台帳に基づく人口、人口動態及び世帯数調査	総務省	自治行政局住民制度課	業務統計	年	?登録あり	〇	-	?作成機関情報
00200251	地方財政状況調査	総務省	自治財政局財務調査課	業務統計	年	?登録あり	〇	〇	?作成機関情報
00200252	公共施設状況調査	総務省	自治財政局財務調査課	業務統計	年	-	-	-	-
00200351	通信・放送産業動態調査	総務省	情報通信国際戦略局情報通信政策課情報通信経済室	一般統計	四半期	?登録あり	〇	〇	?作成機関情報
00200352	放送番組制作業実態調査	総務省	情報通信国際戦略局情報通信政策課情報通信経済室	一般統計	年	?登録あり	〇	-	?作成機関情報
00200353	通信・放送産業基本調査	総務省	情報通信国際戦略局情報通信政策課情報通信経済室	一般統計	年	?登録あり	〇	-	?作成機関情報
00200354	通信産業実態調査（経営体財務調査）	総務省	情報通信国際戦略局情報通信政策課情報通信経済室	その他	半年	?登録あり	〇	-	?作成機関情報
00200355	通信産業実態調査（設備投資調査）	総務省	情報通信国際戦略局情報通信政策課情報通信経済室	その他	年	?登録あり	〇	-	?作成機関情報
00200356	通信利用動向調査	総務省	情報通信国際戦略局情報通信政策課情報通信経済室	一般統計	年	?登録あり	〇	〇	?作成機関情報
00200357	情報通信業基本調査	総務省	情報通信国際戦略局情報通信政策課情報通信経済室	一般統計	年	?登録あり	〇	〇	?作成機関情報
00200451	簡易保険に関する実情調査	総務省	情報流通行政局郵政行政部貯金保険課	その他	３年	-	-	-	-
00200452	個人年金に関する市場調査	総務省	情報流通行政局郵政行政部貯金保険課	その他	３年	-	-	-	-
00200453	キャッシュレス決済に関する調査	総務省	情報流通行政局  情報通信政策	その他	一回限り	?登録あり	〇	-	?作成機関情報
00200501	産業連関構造調査（通信・放送業等投入調査）	総務省	統計局統計調査部調査企画課	一般統計	５年	?登録あり	〇	-	?作成機関情報
00200502	社会・人口統計体系	総務省	統計局統計情報利用推進課	加工統計	年	?登録あり	〇	〇	?作成機関情報
00200511	地域メッシュ統計	総務省	統計局統計調査部調査企画課地理情報室	加工統計	５年	-	-	-	-
00200521	国勢調査	総務省	統計局統計調査部国勢統計課	基幹統計	５年	?登録あり	〇	〇	?作成機関情報
00200522	住宅・土地統計調査	総務省	統計局統計調査部国勢統計課	基幹統計	５年	?登録あり	〇	〇	?作成機関情報
00200523	住民基本台帳人口移動報告	総務省	統計局統計調査部国勢統計課	業務統計	月	?登録あり	〇	〇	?作成機関情報
00200524	人口推計	総務省	統計局統計調査部国勢統計課	基幹統計	月、年	?登録あり	〇	〇	?作成機関情報
00200531	労働力調査	総務省	統計局統計調査部国勢統計課労働力人口統計室	基幹統計	月	?登録あり	〇	〇	?作成機関情報
00200532	就業構造基本調査	総務省	統計局統計調査部国勢統計課労働力人口統計室	基幹統計	５年	?登録あり	〇	〇	?作成機関情報
00200533	社会生活基本調査	総務省	統計局統計調査部国勢統計課労働力人口統計室	基幹統計	５年	?登録あり	〇	〇	?作成機関情報
00200534	就業希望状況調査	総務省	統計局統計調査部国勢統計課労働力人口統計室	その他	不定期	?登録あり	〇	-	?作成機関情報
00200541	個人企業経済調査	総務省	統計局統計調査部経済統計課	基幹統計	年	?登録あり	〇	〇	?作成機関情報
00200542	個人企業営業状況調査	総務省	統計局統計調査部経済統計課	その他	年	?登録あり	〇	-	?作成機関情報
00200543	科学技術研究調査	総務省	統計局統計調査部経済統計課	基幹統計	年	?登録あり	〇	〇	?作成機関情報
00200544	サービス産業動向調査	総務省	統計局統計調査部経済統計課	一般統計	月	?登録あり	〇	〇	?作成機関情報
00200545	サービス業基本調査	総務省	統計局統計調査部経済統計課	その他	５年	?登録あり	〇	〇	?作成機関情報
00200551	事業所・企業統計調査	総務省	統計局事業所情報管理課	その他	５年（中間年に簡易調査）	?登録あり	〇	〇	?作成機関情報
00200552	経済センサス‐基礎調査	総務省	統計局事業所情報管理課	基幹統計	５年	?登録あり	〇	〇	?作成機関情報
00200553	経済センサス‐活動調査	総務省	統計局統計調査部経済統計課経済センサス室	基幹統計	５年	?登録あり	〇	〇	?作成機関情報
00200555	経済構造実態調査	総務省	統計局統計調査部経済統計課	基幹統計	年	?登録あり	〇	〇	?作成機関情報
00200561	家計調査	総務省	統計局統計調査部消費統計課	基幹統計	月	?登録あり	〇	〇	?作成機関情報
00200563	貯蓄動向調査	総務省	統計局統計調査部消費統計課	その他	年	?登録あり	〇	〇	?作成機関情報
00200564	全国消費実態調査	総務省	統計局統計調査部消費統計課	基幹統計	５年	?登録あり	〇	〇	?作成機関情報
00200565	家計消費状況調査	総務省	統計局統計調査部消費統計課	一般統計	月	?登録あり	〇	〇	?作成機関情報
00200566	全国単身世帯収支実態調査	総務省	統計局統計調査部消費統計課	一般統計	５年	?登録あり	〇	〇	?作成機関情報
00200567	消費動向指数	総務省	統計局統計調査部消費統計課	加工統計	月	?登録あり	〇	-	?作成機関情報
00200568	家計消費単身モニター調査	総務省	統計局統計調査部消費統計課	一般統計	月	?登録あり	〇	-	?作成機関情報
00200571	小売物価統計調査	総務省	統計局統計調査部消費統計課物価統計室	基幹統計	月	?登録あり	〇	〇	?作成機関情報
00200572	全国物価統計調査	総務省	統計局統計調査部消費統計課物価統計室	その他	５年	?登録あり	〇	〇	?作成機関情報
00200573	消費者物価指数	総務省	統計局統計調査部消費統計課物価統計室	加工統計	月	?登録あり	〇	〇	?作成機関情報
00200601	産業連関構造調査（サービス産業・非営利団体等調査）	総務省	政策統括官（統計基準担当）付統計審査官室	一般統計	５年	?登録あり	〇	-	?作成機関情報
00200602	産業連関構造調査（企業の管理活動等に関する実態調査）	総務省	政策統括官（統計基準担当）付統計審査官室	一般統計	５年	?登録あり	〇	-	?作成機関情報
00200603	産業連関表	総務省	政策統括官（統計基準担当）付統計審査官室	基幹統計・加工統計	５年	?登録あり	〇	〇	?作成機関情報
00200604	特別データ公表基準（SDDS）プラス	総務省	政策統括官（統計基準担当）付国際統計管理官室	加工統計	毎日〜毎年	?登録あり	〇	〇	?作成機関情報
00200701	食育の推進に関するアンケート調査	総務省	行政評価局評価監視官（法務、外務、経済産業等担当）室	一般統計	１回限り	-	-	-	-
00200702	貸切バスの安全確保を推進するためのアンケート調査	総務省	行政評価局評価監視官（復興、国土交通担当）室	一般統計	１回限り	-	-	-	-
00200703	農業の6次産業化の取組に関するアンケート調査	総務省	行政評価局評価監視官（農林水産防衛担当）室	一般統計	１回限り	?登録あり	〇	-	?作成機関情報
00200704	九州の「道の駅」の防災機能に関するアンケート調査	総務省	"九州管区行政評価局
評価監視部第4評価監視官室"	一般統計	１回限り	-	-	-	-
00200705	「女性活躍の推進に関する企業の取組と効果」に関するアンケート調査	総務省	行政評価局  評価監視官（内閣、規制改革等担当）室	一般統計	１回限り	?登録あり	〇	-	?作成機関情報
00200706	保護司の活動に関するアンケート調査	総務省	行政評価局  評価監視官（法務、外務、経済産業等担当）室	一般統計	１回限り	?登録あり	〇	-	?作成機関情報
00200707	近畿の「道の駅」の防災機能・バリアフリー化等に関するアンケート調査	総務省	"近畿管区行政評価局
評価監視部第5評価監視官室"	一般統計	１回限り	-	-	-	-
00200708	死因究明等の推進に関する取組に係るアンケート調査	総務省	評価監視官（内閣、総務等担当）室	一般統計	１回限り	?登録あり	〇	-	?作成機関情報
00201001	公害苦情調査	公害等調整委員会	事務局総務課	業務統計	年	?登録あり	〇	〇	?作成機関情報
00202001	火災統計	消防庁	防災情報室	業務統計	四半期、年	?登録あり	〇	〇	?作成機関情報
00202002	消防年報	消防庁	防災情報室	業務統計	年	?登録あり	〇	〇	?作成機関情報
00250001	訟務事件統計	法務省	訟務局訟務企画課	業務統計	月、年	?登録あり	〇	〇	?作成機関情報
00250002	登記統計	法務省	大臣官房司法法制部司法法制課	業務統計	月、年	?登録あり	〇	〇	?作成機関情報
00250003	検察統計調査	法務省	大臣官房司法法制部司法法制課	業務統計	月、年	?登録あり	〇	〇	?作成機関情報
00250004	婦人補導統計調査	法務省	大臣官房司法法制部司法法制課	業務統計	月、年	?登録あり	〇	〇	?作成機関情報
00250005	矯正統計調査	法務省	大臣官房司法法制部司法法制課	業務統計	月、年	?登録あり	〇	〇	?作成機関情報
00250006	少年矯正統計調査	法務省	大臣官房司法法制部司法法制課	業務統計	月、年	?登録あり	〇	〇	?作成機関情報
00250007	保護統計調査	法務省	大臣官房司法法制部司法法制課	業務統計	月、年	?登録あり	〇	〇	?作成機関情報
00250008	戸籍統計	法務省	民事局民事第一課	業務統計	年	?登録あり	〇	〇	?作成機関情報
00250009	供託統計	法務省	民事局商事課	業務統計	年	?登録あり	〇	〇	?作成機関情報
00250010	人権侵犯事件統計	法務省	人権擁護局調査救済課	業務統計	月、年	?登録あり	〇	〇	?作成機関情報
00250011	出入国管理統計	法務省	出入国在留管理庁在留管理支援部情報分析官	業務統計	月、年	?登録あり	〇	〇	?作成機関情報
00250012	在留外国人統計（旧登録外国人統計）	法務省	出入国在留管理庁在留管理支援部情報分析官	業務統計	半期	?登録あり	〇	〇	?作成機関情報
00250013	犯罪被害実態（暗数）調査	法務省	法務総合研究所研究部	一般統計	４年１回限り	?登録あり	〇	-	?作成機関情報
00250014	成年年齢引下げ後の成人式の実施に関する調査	法務省	民事局参事官室	一般統計	１回限り	?登録あり	〇	-	?作成機関情報
00250015	成年年齢引下げ後の環境整備に関する浸透度についての調査	法務省	民事局参事官室	一般統計	１回限り	?登録あり	〇	-	?作成機関情報
00300100	海外在留邦人数調査統計	外務省	領事局政策課	業務統計	年	?登録あり	〇	〇	?作成機関情報
00300300	海外邦人援護統計	外務省	領事局海外邦人安全課	業務統計	年	?登録あり	〇	-	?作成機関情報
00300400	旅券統計	外務省	領事局旅券課	業務統計	年	?登録あり	〇	〇	?作成機関情報
00300500	ビザ（査証）発給統計	外務省	領事局外国人課	業務統計	年	?登録あり	〇	〇	?作成機関情報
00350100	国家公務員共済組合年金受給者実態調査	財務省	主計局給与共済課	一般統計	年	?登録あり	〇	〇	?作成機関情報
00350110	連合会を組織する共済組合における医療状況実態統計調査	財務省	主計局給与共済課	一般統計	年	?登録あり	〇	〇	?作成機関情報
00350120	財政統計	財務省	主計局調査課	業務統計	年	?登録あり	〇	-	?作成機関情報
00350300	普通貿易統計	財務省	関税局関税課	業務統計	月	?登録あり	〇	〇	?作成機関情報
00350310	特殊貿易統計	財務省	関税局関税課	業務統計	月	?登録あり	〇	〇	?作成機関情報
00350320	船舶・航空機統計	財務省	関税局関税課	業務統計	月	?登録あり	〇	〇	?作成機関情報
00350400	国有財産統計	財務省	理財局管理課国有財産情報室  外	業務統計	年	?登録あり	〇	〇	?作成機関情報
00350410	たばこ小売販売業経営実態調査	財務省	理財局総務課たばこ塩事業室	一般統計	５年	?登録あり	〇	〇	?作成機関情報
00350430	たばこ小売販売業調査	財務省	理財局総務課たばこ塩事業室	一般統計	５年	?登録あり	〇	-	?作成機関情報
00350600	法人企業統計調査	財務省	財務総合政策研究所調査統計部調査統計課・電子計算システム課	基幹統計	四半期、半年	?登録あり	〇	〇	?作成機関情報
00350610	法人企業景気予測調査	財務省	財務総合政策研究所調査統計部調査統計課・電子計算システム課	一般統計	四半期	?登録あり	〇	〇	?作成機関情報
00350620	景気予測調査	財務省	財務総合政策研究所調査統計部調査統計課・電子計算システム課	その他	四半期	?登録あり	-	〇	?作成機関情報
00350630	産業連関構造調査（酒類製造業投入調査）	財務省	財務総合政策研究所調査統計部調査統計課・電子計算システム課	一般統計	５年	?登録あり	〇	-	?作成機関情報
00350650	法人企業統計調査  附帯調査（四半期別GDP速報（1次速報）のための一部項目早期調査）	財務省	財務総合政策研究所調査統計部調査統計課・電子計算システム課	一般統計	四半期	-	-	-	-
00351000	民間給与実態統計調査	国税庁	長官官房企画課	基幹統計	年	?登録あり	〇	〇	?作成機関情報
00351010	税務統計	国税庁	長官官房企画課	業務統計	年	?登録あり	〇	-	?作成機関情報
00351020	会社標本調査	国税庁	長官官房企画課	業務統計	年	?登録あり	〇	〇	?作成機関情報
00351030	申告所得税標本調査	国税庁	長官官房企画課	業務統計	年	?登録あり	〇	-	?作成機関情報
00400001	学校基本調査	文部科学省	総合教育政策局調査企画課	基幹統計	年	?登録あり	〇	〇	?作成機関情報
00400002	学校保健統計調査	文部科学省	総合教育政策局調査企画課	基幹統計	年	?登録あり	〇	〇	?作成機関情報
00400003	学校教員統計調査	文部科学省	総合教育政策局調査企画課	基幹統計	３年	?登録あり	〇	〇	?作成機関情報
00400004	社会教育調査	文部科学省	総合教育政策局調査企画課	基幹統計	３年	?登録あり	〇	〇	?作成機関情報
00400101	公立学校施設実態調査	文部科学省	大臣官房文教施設企画・防災部施設助成課	業務統計	年	?登録あり	〇	〇	?作成機関情報
00400201	子供の学習費調査	文部科学省	総合教育政策局調査企画課	一般統計	１回限り	?登録あり	〇	〇	?作成機関情報
00400202	地方教育費調査	文部科学省	総合教育政策局調査企画課	一般統計	年、２年	?登録あり	〇	〇	?作成機関情報
00400203	２１世紀出生児縦断調査（平成１３年出生児）	文部科学省	生涯学習政策局政策課調査調整企画室	一般統計	年	?登録あり	〇	-	?作成機関情報
00400301	教育職員に係る係争中の争訟事件等の調査	文部科学省	初等中等教育局初等中等教育企画課	業務統計	年	?登録あり	〇	〇	?作成機関情報
00400302	教職員の組織する職員団体の実態調査	文部科学省	初等中等教育局初等中等教育企画課	業務統計	年	?登録あり	〇	〇	?作成機関情報
00400303	高等学校卒業（予定）者の就職（内定）状況に関する調査	文部科学省	初等中等教育局児童生徒課	一般統計	年３回	?登録あり	〇	〇	?作成機関情報
00400304	"児童生徒の問題行動・不登校等生徒指導上の
諸課題に関する調査"	文部科学省	初等中等教育局児童生徒課	一般統計	年	?登録あり	〇	〇	?作成機関情報
00400305	日本語指導が必要な児童生徒の受入状況等に関する調査	文部科学省	総合教育政策局男女共同参画共生社会学習・安全課	業務統計	２年	?登録あり	〇	〇	?作成機関情報
00400306	学校における教育の情報化の実態等に関する調査	文部科学省	初等中等教育局情報教育・外国語教育課	一般統計	年	?登録あり	〇	〇	?作成機関情報
00400401	大学・短期大学・高等専門学校におけるインターンシップ実施状況等調査	文部科学省	高等教育局専門教育課	一般統計	１回限り	?登録あり	〇	-	?作成機関情報
00400402	大学・短期大学・高等専門学校及び専修学校卒業予定者の就職内定状況等調査	文部科学省	高等教育局学生・留学生課	一般統計	年４回	?登録あり	〇	〇	?作成機関情報
00400501	民間企業の研究活動に関する調査	文部科学省	科学技術・学術政策研究所	一般統計	年	?登録あり	〇	〇	?作成機関情報
00400502	大学等におけるフルタイム換算データに関する調査	文部科学省	科学技術・学術政策局企画評価課	一般統計	５年	?登録あり	〇	〇	?作成機関情報
00400503	全国イノベーション調査	文部科学省	科学技術・学術政策研究所	一般統計	２年	?登録あり	〇	〇	?作成機関情報
00400504	ポストドクター等の雇用・進路に関する調査	文部科学省	科学技術・学術政策局人材政策課	一般統計	３年	?登録あり	〇	-	?作成機関情報
00400601	学術情報基盤実態調査	文部科学省	研究振興局参事官（情報担当）付	一般統計	年	?登録あり	〇	-	?作成機関情報
00400802	学校給食実施状況等調査	文部科学省	初等中等教育局健康教育・食育課	一般統計	２年	?登録あり	〇	〇	?作成機関情報
00400803	学校給食栄養報告	文部科学省	初等中等教育局健康教育・食育課	一般統計	２年	?登録あり	〇	〇	?作成機関情報
00401101	宗教統計調査	文化庁	宗務課	一般統計	年	?登録あり	〇	〇	?作成機関情報
00401102	宗教法人が行う事業に関する調査	文化庁	宗務課	一般統計	不定期	-	-	-	-
00402101	体育・スポーツ施設現況調査	スポーツ庁	参事官（地域振興担当）付	一般統計	１回限り	?登録あり	〇	-	?作成機関情報
00402102	体力・運動能力調査	スポーツ庁	健康スポーツ課	一般統計	年	?登録あり	〇	〇	?作成機関情報
00450001	産業連関構造調査（医療業・社会福祉事業等投入調査）	厚生労働省	政策統括官付参事官付審査解析室	一般統計	５年	?登録あり	〇	-	?作成機関情報
00450011	人口動態調査	厚生労働省	政策統括官付参事官付人口動態・保健社会統計室	基幹統計	月	?登録あり	〇	〇	?作成機関情報
00450012	生命表	厚生労働省	政策統括官付参事官付人口動態・保健社会統計室	基幹統計	年、５年	?登録あり	〇	〇	?作成機関情報
00450013	人口動態統計特殊報告	厚生労働省	政策統括官付参事官付人口動態・保健社会統計室	加工統計	年、５年	?登録あり	〇	-	?作成機関情報
00450021	医療施設調査	厚生労働省	政策統括官付参事官付保健統計室	基幹統計	月、３年	?登録あり	〇	〇	?作成機関情報
00450022	患者調査	厚生労働省	政策統括官付参事官付保健統計室	基幹統計	３年	?登録あり	〇	〇	?作成機関情報
00450023	病院報告	厚生労働省	政策統括官付参事官付保健統計室	一般統計	月、年	?登録あり	〇	-	?作成機関情報
00450024	受療行動調査	厚生労働省	政策統括官付参事官付保健統計室	一般統計	３年	?登録あり	〇	-	?作成機関情報
00450025	地域保健・健康増進事業報告	厚生労働省	政策統括官付参事官付行政報告統計室	一般統計	年	?登録あり	〇	-	?作成機関情報
00450026	医師・歯科医師・薬剤師統計	厚生労働省	政策統括官付参事官付保健統計室	業務統計	２年	?登録あり	〇	-	?作成機関情報
00450027	衛生行政報告例	厚生労働省	政策統括官付参事官付行政報告統計室	一般統計	年、２年	?登録あり	〇	-	?作成機関情報
00450028	伝染病統計	厚生労働省	政策統括官付参事官付保健統計室	その他	月、年	?登録あり	〇	-	?作成機関情報
00450029	母体保護統計報告(優生保護統計報告)	厚生労働省	政策統括官付参事官付行政報告統計室	その他	年	?登録あり	〇	-	?作成機関情報
00450030	地域保健事業報告(保健所運営報告)	厚生労働省	政策統括官付参事官付行政報告統計室	その他	年	?登録あり	〇	-	?作成機関情報
00450031	老人保健事業報告	厚生労働省	政策統括官付参事官付行政報告統計室	その他	年	?登録あり	〇	-	?作成機関情報
00450032	国民医療費	厚生労働省	政策統括官付参事官付保健統計室	加工統計	年	?登録あり	〇	〇	?作成機関情報
00450041	社会福祉施設等調査	厚生労働省	政策統括官付参事官付社会統計室	一般統計	年	?登録あり	〇	-	?作成機関情報
00450042	介護サービス施設・事業所調査	厚生労働省	政策統括官付参事官付社会統計室	一般統計	年	?登録あり	〇	-	?作成機関情報
00450043	21世紀出生児縦断調査（平成13年出生児）	厚生労働省	政策統括官付参事官付世帯統計室	一般統計	年	?登録あり	〇	-	?作成機関情報
00450044	21世紀成年者縦断調査（平成14年成年者）	厚生労働省	政策統括官付参事官付世帯統計室	一般統計	年	?登録あり	〇	-	?作成機関情報
00450045	中高年者縦断調査	厚生労働省	政策統括官付参事官付世帯統計室	一般統計	年	?登録あり	〇	-	?作成機関情報
00450046	福祉行政報告例	厚生労働省	政策統括官付参事官付行政報告統計室	一般統計	月、年	?登録あり	〇	-	?作成機関情報
00450047	地域児童福祉事業等調査	厚生労働省	子ども家庭局総務課少子化総合対策室	一般統計	年	?登録あり	〇	-	?作成機関情報
00450048	社会医療診療行為別統計（旧：社会医療診療行為別調査）	厚生労働省	政策統括官付参事官付社会統計室	業務統計	年	?登録あり	〇	-	?作成機関情報
00450049	介護給付費等実態統計（旧：介護給付費等実態調査）	厚生労働省	政策統括官付参事官付社会統計室	業務統計	月	?登録あり	〇	-	?作成機関情報
00450050	21世紀出生児縦断調査（平成22年出生児）	厚生労働省	政策統括官付参事官付世帯統計室	一般統計	年	?登録あり	〇	-	?作成機関情報
00450051	21世紀成年者縦断調査（平成24年成年者）	厚生労働省	政策統括官付参事官付世帯統計室	一般統計	年	?登録あり	〇	-	?作成機関情報
00450061	国民生活基礎調査	厚生労働省	政策統括官付参事官付世帯統計室	基幹統計	年、３年	?登録あり	〇	〇	?作成機関情報
00450062	保健福祉動向調査	厚生労働省	政策統括官付参事官付世帯統計室	その他	３年に２回	?登録あり	〇	-	?作成機関情報
00450063	介護サービス世帯調査	厚生労働省	政策統括官付参事官付世帯統計室	その他	１回限り	?登録あり	〇	-	?作成機関情報
00450071	毎月勤労統計調査	厚生労働省	政策統括官付参事官付雇用・賃金福祉統計室	基幹統計	月、年	?登録あり	〇	〇	?作成機関情報
00450072	労働経済動向調査	厚生労働省	政策統括官付参事官付雇用・賃金福祉統計室	一般統計	四半期	?登録あり	〇	-	?作成機関情報
00450073	雇用動向調査	厚生労働省	政策統括官付参事官付雇用・賃金福祉統計室	一般統計	半年	?登録あり	〇	〇	?作成機関情報
00450074	雇用の構造に関する実態調査	厚生労働省	政策統括官付参事官付雇用・賃金福祉統計室	一般統計	年	?登録あり	〇	-	?作成機関情報
00450075	非正規雇用に関する調査	厚生労働省	政策統括官付参事官付雇用・賃金福祉統計室	その他	年	-	-	-	-
00450076	産業労働事情調査	厚生労働省	政策統括官付参事官付雇用・賃金福祉統計室	その他	年	?登録あり	〇	-	?作成機関情報
00450077	雇用管理調査	厚生労働省	政策統括官付参事官付雇用・賃金福祉統計室	その他	年	?登録あり	〇	-	?作成機関情報
00450078	労使関係総合調査（労働組合活動等に関する実態調査）	厚生労働省	政策統括官付参事官付雇用・賃金福祉統計室	一般統計	"２年又は
３年"	?登録あり	〇	-	?作成機関情報
00450079	小規模事業所勤労統計調査	厚生労働省	雇用・賃金福祉統計室	一般統計	１回限り	-	-	-	-
00450091	賃金構造基本統計調査	厚生労働省	政策統括官付参事官付賃金福祉統計室	基幹統計	年	?登録あり	〇	〇	?作成機関情報
00450092	屋外労働者職種別賃金調査	厚生労働省	政策統括官付参事官付賃金福祉統計室	その他	年	?登録あり	〇	-	?作成機関情報
00450093	労働安全衛生特別調査（労働安全衛生基本調査）	厚生労働省	政策統括官付参事官付賃金福祉統計室	一般統計	５年	?登録あり	〇	-	?作成機関情報
00450094	労働安全衛生調査（労働環境調査）	厚生労働省	政策統括官付参事官付賃金福祉統計室	一般統計	５年	?登録あり	〇	-	?作成機関情報
00450095	労働安全衛生特別調査（労働者健康状況調査）	厚生労働省	政策統括官付参事官付賃金福祉統計室	一般統計	５年	?登録あり	〇	-	?作成機関情報
00450096	労働安全衛生特別調査（技術革新と労働に関する実態調査）	厚生労働省	政策統括官付参事官付賃金福祉統計室	一般統計	５年	?登録あり	〇	-	?作成機関情報
00450097	労働安全衛生特別調査（建設業労働災害防止対策等総合実態調査）	厚生労働省	政策統括官付参事官付賃金福祉統計室	一般統計	５年	?登録あり	〇	-	?作成機関情報
00450098	賃金引上げ等の実態に関する調査	厚生労働省	政策統括官付参事官付賃金福祉統計室	一般統計	年	?登録あり	〇	〇	?作成機関情報
00450099	就労条件総合調査	厚生労働省	政策統括官付参事官付賃金福祉統計室	一般統計	年	?登録あり	〇	〇	?作成機関情報
00450100	労働災害動向調査	厚生労働省	政策統括官付参事官付賃金福祉統計室	一般統計	半期、年	?登録あり	〇	〇	?作成機関情報
00450101	労使関係総合調査（労働組合基礎調査）	厚生労働省	政策統括官付参事官付雇用・賃金福祉統計室	一般統計	年	?登録あり	〇	-	?作成機関情報
00450102	労使関係総合調査（労働組合活動実態調査）	厚生労働省	政策統括官付参事官付雇用・賃金福祉統計室	一般統計	５年	?登録あり	〇	-	?作成機関情報
00450103	労使関係総合調査（労働協約等実態調査）	厚生労働省	政策統括官付参事官付雇用・賃金福祉統計室	一般統計	５年	?登録あり	〇	-	?作成機関情報
00450104	労使関係総合調査（団体交渉と労働争議に関する実態調査）	厚生労働省	政策統括官付参事官付雇用・賃金福祉統計室	一般統計	５年	?登録あり	〇	-	?作成機関情報
00450105	労使関係総合調査（労働組合実態調査）	厚生労働省	政策統括官付参事官付雇用・賃金福祉統計室	一般統計	５年	?登録あり	〇	-	?作成機関情報
00450106	労使関係総合調査（労使コミュニケーション調査）	厚生労働省	政策統括官付参事官付雇用・賃金福祉統計室	一般統計	５年	?登録あり	〇	-	?作成機関情報
00450107	林業労働者職種別賃金調査	厚生労働省	政策統括官付参事官付賃金福祉統計室	その他	年	?登録あり	〇	-	?作成機関情報
00450108	労働争議統計調査	厚生労働省	政策統括官付参事官付雇用・賃金福祉統計室	一般統計	月	?登録あり	〇	-	?作成機関情報
00450109	労働安全衛生特別調査（労働災害防止対策等重点調査票）	厚生労働省	政策統括官付参事官付賃金福祉統計室	一般統計	５年	?登録あり	〇	-	?作成機関情報
00450110	労働安全衛生調査（実態調査）	厚生労働省	政策統括官付参事官付賃金福祉統計室	一般統計	５年	?登録あり	〇	-	?作成機関情報
00450111	労使関係総合調査（労使間の交渉等に関する実態調査）	厚生労働省	政策統括官付参事官付雇用・賃金福祉統計室	一般統計	"２年又は
３年"	?登録あり	〇	-	?作成機関情報
00450121	病院経営収支調査	厚生労働省	医政局医療経営支援課	その他	年	-	-	-	-
00450122	無医地区等調査	厚生労働省	医政局地域医療計画課	一般統計	５年	?登録あり	〇	-	?作成機関情報
00450123	院内感染対策サーベイランス	厚生労働省	健康局結核感染症課	一般統計	１月、６月、年	?登録あり	〇	-	?作成機関情報
00450124	人生の最終段階における医療に関する意識調査	厚生労働省	医政局地域医療計画課	業務統計	５年	?登録あり	〇	-	?作成機関情報
00450125	病床機能報告制度	厚生労働省	医政局地域医療計画課	業務統計	年	-	-	-	-
00450126	新型コロナウイルス感染症関係調査	厚生労働省	健康局結核感染症課	その他	１年	?登録あり	〇	-	?作成機関情報
00450131	歯科疾患実態調査	厚生労働省	医政局歯科保健課	一般統計	５年	?登録あり	〇	-	?作成機関情報
00450132	無歯科医地区等調査	厚生労働省	医政局歯科保健課	一般統計	５年	?登録あり	〇	-	?作成機関情報
00450141	看護師等学校養成所入学状況及び卒業生就業状況調査	厚生労働省	医政局看護課	一般統計	年	?登録あり	〇	〇	?作成機関情報
00450151	薬事工業生産動態統計調査	厚生労働省	医政局経済課	基幹統計	月、年	?登録あり	〇	〇	?作成機関情報
00450152	医薬品・医療機器産業実態調査	厚生労働省	医政局経済課	一般統計	年	?登録あり	〇	〇	?作成機関情報
00450153	医薬品価格調査	厚生労働省	医政局経済課	一般統計	２年	?登録あり	〇	-	?作成機関情報
00450154	特定保険医療材料・再生医療等製品価格調査	厚生労働省	医政局経済課	一般統計	２年	?登録あり	〇	-	?作成機関情報
00450155	医療用医薬品における情報化進捗状況調査	厚生労働省	医政局経済課	業務統計	年	-	-	-	-
00450156	医療機器等における情報化進捗状況調査	厚生労働省	医政局経済課	業務統計	年	-	-	-	-
00450161	原子爆弾被爆者実態調査	厚生労働省	健康局総務課	一般統計	10年	?登録あり	〇	-	?作成機関情報
00450171	国民健康・栄養調査	厚生労働省	健康局健康課栄養指導室	一般統計	年	?登録あり	〇	〇	?作成機関情報
00450172	喫煙環境に関する実態調査	厚生労働省	健康局健康課	一般統計	１回限り	?登録あり	〇	-	?作成機関情報
00450173	全国がん登録	厚生労働省	健康局がん・疾病対策課	その他	年	?登録あり	〇	-	?作成機関情報
00450174	(仮)風しん対策の意向調査	厚生労働省	健康局結核感染症課・健康課予防接種室	その他	不定期	-	-	-	-
00450181	血液製剤使用実態調査	厚生労働省	医薬・生活衛生局血液対策課	その他	年	-	-	-	-
00450191	食中毒統計調査	厚生労働省	医薬・生活衛生局食品監視安全課	業務統計	年	?登録あり	〇	〇	?作成機関情報
00450192	食肉検査等情報還元調査	厚生労働省	医薬・生活衛生局食品監視安全課	一般統計	年	?登録あり	〇	〇	?作成機関情報
00450193	牛海綿状脳症（BSE）スクリーニング検査の結果	厚生労働省	医薬・生活衛生局食品監視安全課	業務統計	年	-	-	-	-
00450201	最低賃金に関する実態調査	厚生労働省	労働基準局賃金課	一般統計	年	?登録あり	〇	-	?作成機関情報
00450211	定期健康診断結果報告	厚生労働省	労働基準局安全衛生部労働衛生課	業務統計	年	?登録あり	〇	〇	?作成機関情報
00450212	労務費率調査	厚生労働省	労働基準局労災管理課労災保険財政数理室	一般統計	３年	?登録あり	〇	-	?作成機関情報
00450213	平成21年有期労働契約に関する実態調査	厚生労働省	労働基準局労働関係法課	一般統計	不定期	-	-	-	-
00450214	平成23年有期労働契約に関する実態調査	厚生労働省	労働基準局労働関係法課	一般統計	不定期	-	-	-	-
00450216	令和２年有期労働契約に関する実態調査	厚生労働省	労働基準局労働関係法課	一般統計	不定期	-	-	-	-
00450217	特殊健康診断結果報告	厚生労働省	労働基準局安全衛生部労働衛生課	業務統計	年	-	-	-	-
00450218	業務上疾病発生状況	厚生労働省	労働基準局安全衛生部労働衛生課	業務統計	年	?登録あり	〇	-	?作成機関情報
00450219	じん肺管理区分決定状況	厚生労働省	労働基準局安全衛生部労働衛生課	業務統計	年	-	-	-	-
00450221	雇用状況実態調査	厚生労働省	職業安定局雇用政策課	その他	年	?登録あり	〇	-	?作成機関情報
00450222	一般職業紹介状況（職業安定業務統計）	厚生労働省	職業安定局雇用政策課	業務統計	月	?登録あり	〇	-	?作成機関情報
00450223	雇用保険事業統計	厚生労働省	職業安定局雇用保険課	業務統計	月	?登録あり	〇	-	?作成機関情報
00450231	大学・短期大学・高等専門学校及び専修学校卒業予定者の就職内定状況等調査	厚生労働省	人材開発統括官付若年者・キャリア形成支援担当参事官室	一般統計	年４回	-	-	-	-
00450232	高校・中学新卒者の就職内定状況等	厚生労働省	人材開発統括官付若年者・キャリア形成支援担当参事官室	業務統計	年５回	?登録あり	〇	-	?作成機関情報
00450233	民間人材ビジネス実態把握調査	厚生労働省	職業安定局雇用政策課民間人材サービス推進室	一般統計	１回限り	?登録あり	〇	-	?作成機関情報
00450241	港湾運送事業雇用実態調査	厚生労働省	職業安定局雇用開発企画課建設・港湾対策室	一般統計	５年	?登録あり	〇	-	?作成機関情報
00450251	出稼労働者雇用等実態調査	厚生労働省	職業安定局雇用開発課農山村雇用対策室	その他	２年	?登録あり	〇	-	?作成機関情報
00450261	障害者雇用実態調査	厚生労働省	職業安定局障害者雇用対策課地域就労支援室	一般統計	５年	?登録あり	〇	-	?作成機関情報
00450270	次世代育成支援対策推進法に基づく特定事業主行動計画の策定状況の調査	厚生労働省	子ども家庭局総務課少子化総合対策室	業務統計	年	?登録あり	〇	-	?作成機関情報
00450271	乳幼児栄養調査	厚生労働省	子ども家庭局総務課少子化総合対策室	一般統計	10年	?登録あり	〇	-	?作成機関情報
00450272	乳幼児身体発育調査	厚生労働省	子ども家庭局総務課少子化総合対策室	一般統計	10年	?登録あり	〇	-	?作成機関情報
00450273	児童養護施設入所児童等調査	厚生労働省	子ども家庭局総務課少子化総合対策室	一般統計	５年	?登録あり	〇	-	?作成機関情報
00450274	全国家庭児童調査	厚生労働省	子ども家庭局総務課少子化総合対策室	一般統計	５年	?登録あり	〇	-	?作成機関情報
00450275	全国ひとり親世帯等調査	厚生労働省	子ども家庭局総務課少子化総合対策室	一般統計	５年	?登録あり	〇	-	?作成機関情報
00450276	幼稚園・保育所等の経営実態調査	厚生労働省	子ども家庭局保育課	一般統計	１回限り	-	-	-	-
00450277	子どもを守る地域ネットワーク等調査	厚生労働省	子ども家庭局総務課少子化総合対策室	一般統計	５年	?登録あり	〇	-	?作成機関情報
00450278	認可外保育施設の現況取りまとめ	厚生労働省	子ども家庭局総務課少子化総合対策室	業務統計	年	-	-	-	-
00450279	次世代育成支援対策推進法に基づく市町村行動計画等に関する策定状況等の調査	厚生労働省	子ども家庭局総務課少子化総合対策室	業務統計	年	?登録あり	〇	-	?作成機関情報
00450281	雇用均等基本調査（女性雇用管理基本調査）	厚生労働省	雇用環境・均等局雇用機会均等課	一般統計	年	?登録あり	〇	-	?作成機関情報
00450291	家内労働等実態調査	厚生労働省	雇用環境・均等局在宅労働課	一般統計	３年	?登録あり	〇	〇	?作成機関情報
00450292	家内労働概況調査	厚生労働省	雇用環境・均等局在宅労働課	業務統計	年	?登録あり	〇	-	?作成機関情報
00450293	女性活躍推進法に基づく一般事業主行動計画策定届の届出状況及び認定状況	厚生労働省	雇用環境・均等局雇用機会均等課	業務統計	四半期	-	-	-	-
00450295	"都道府県労働局雇用環境・均等部
（室）での法施行状況"	厚生労働省	雇用環境・均等局雇用機会均等課、職業生活両立課、有期・短時間労働課	業務統計	年	-	-	-	-
00450301	福祉事務所現況調査	厚生労働省	社会・援護局総務課	一般統計	年	?登録あり	〇	-	?作成機関情報
00450303	無料低額診療事業等に係る実施状況の報告	厚生労働省	社会・援護局総務課	業務統計	年	?登録あり	〇	-	?作成機関情報
00450304	福祉事務所人員体制調査	厚生労働省	社会・援護局総務課	一般統計	１回限り	?登録あり	〇	-	?作成機関情報
00450311	社会保障生計調査	厚生労働省	社会・援護局保護課	一般統計	月	?登録あり	〇	-	?作成機関情報
00450312	被保護者調査	厚生労働省	社会・援護局保護課	一般統計	月、年	?登録あり	〇	-	?作成機関情報
00450313	医療扶助実態調査	厚生労働省	社会・援護局保護課	一般統計	年	?登録あり	〇	-	?作成機関情報
00450314	家庭の生活実態及び生活意識に関する調査	厚生労働省	社会・援護局保護課	一般統計	"平成22
年、平成 28年、
2019年"	?登録あり	〇	-	?作成機関情報
00450315	住宅手当緊急特別措置事業全国調査	厚生労働省	社会・援護局地域福祉課	一般統計	年	?登録あり	〇	-	?作成機関情報
00450321	消費生活協同組合（連合会）実態調査	厚生労働省	社会・援護局地域福祉課	一般統計	年	?登録あり	〇	〇	?作成機関情報
00450322	"ホームレスの実態に関する全国調査
（生活実態調査）"	厚生労働省	社会・援護局地域福祉課	一般統計	５年	?登録あり	〇	-	?作成機関情報
00450323	"ホームレスの実態に関する全国調査
（概数調査）"	厚生労働省	社会・援護局地域福祉課	業務統計	年	?登録あり	〇	-	?作成機関情報
00450331	中国残留邦人等実態調査	厚生労働省	社会・援護局援護企画課中国残留邦人等支援室	一般統計	不定期	?登録あり	〇	-	?作成機関情報
00450341	知的障害児（者）基礎調査	厚生労働省	社会・援護局障害保健福祉部企画課	一般統計	５年	?登録あり	〇	-	?作成機関情報
00450342	身体障害児・者等実態調査	厚生労働省	社会・援護局障害保健福祉部企画課	一般統計	５年	?登録あり	〇	-	?作成機関情報
00450343	障害支援区分認定状況調査	厚生労働省	社会・援護局障害保健福祉部精神・障害保健課	業務統計	年	-	-	-	-
00450344	障害福祉サービス等経営実態調査	厚生労働省	社会・援護局障害保健福祉部障害福祉課	一般統計	１回限り	?登録あり	〇	-	?作成機関情報
00450345	障害福祉サービス等経営概況調査	厚生労働省	社会・援護局障害保健福祉部障害福祉課	一般統計	１回限り	?登録あり	〇	-	?作成機関情報
00450346	障害福祉サービス等従事者処遇状況等調査	厚生労働省	社会・援護局障害保健福祉部障害福祉課	一般統計	１回限り	?登録あり	〇	-	?作成機関情報
00450347	都道府県・市区町村における障害者虐待事例への対応状況等	厚生労働省	社会・援護局障害保健福祉部障害福祉課	業務統計	年	-	-	-	-
00450348	障害者相談支援事業の実施状況	厚生労働省	社会・援護局障害保健福祉部障害福祉課	業務統計	年	-	-	-	-
00450351	介護保険事業状況報告	厚生労働省	老健局介護保険計画課	業務統計	月、年	?登録あり	〇	-	?作成機関情報
00450371	介護事業実態調査（介護事業経営概況調査）	厚生労働省	老健局老人保健課	一般統計	３年	?登録あり	〇	-	?作成機関情報
00450372	介護事業実態調査（介護事業経営実態調査）	厚生労働省	老健局老人保健課	一般統計	３年	?登録あり	〇	-	?作成機関情報
00450373	要介護認定等に係る認定調査結果等報告	厚生労働省	老健局老人保健課	業務統計	月	-	-	-	-
00450374	要介護認定モデル事業報告	厚生労働省	老健局老人保健課	その他	不定期	-	-	-	-
00450375	高齢者介護実態調査	厚生労働省	老健局老人保健課	一般統計	不定期	-	-	-	-
00450376	介護事業実態調査（介護従事者処遇状況等調査）	厚生労働省	老健局老人保健課	一般統計	３年	?登録あり	〇	-	?作成機関情報
00450381	医療経済実態調査（医療機関等調査）	厚生労働省	保険局医療課	一般統計	２年	?登録あり	〇	-	?作成機関情報
00450382	歯科技工料調査	厚生労働省	保険局医療課	一般統計	２年	-	-	-	-
00450383	保険医療材料等使用状況調査	厚生労働省	保険局医療課	一般統計	２年	-	-	-	-
00450384	衛生検査所検査料金調査	厚生労働省	保険局医療課	その他	２年	-	-	-	-
00450385	訪問看護療養費実態調査	厚生労働省	保険局医療課	一般統計	２年	?登録あり	〇	-	?作成機関情報
00450386	DPC導入の影響評価に係る調査	厚生労働省	保険局医療課	業務統計	年	?登録あり	〇	-	?作成機関情報
00450387	歯科補綴関連技術等に関する歯科診療報酬の適正な評価のための調査検討	厚生労働省	保険局医療課	一般統計	１回限り	-	-	-	-
00450388	後期高齢者医療制度被保険者実態調査	厚生労働省	保険局調査課	業務統計	年	?登録あり	〇	〇	?作成機関情報
00450389	医療給付実態調査	厚生労働省	保険局調査課	一般統計	年	?登録あり	〇	〇	?作成機関情報
00450390	後期高齢者医療事業状況報告	厚生労働省	保険局調査課	業務統計	月、年	?登録あり	〇	-	?作成機関情報
00450391	健康保険・船員保険被保険者実態調査	厚生労働省	保険局調査課	一般統計	年	?登録あり	〇	〇	?作成機関情報
00450392	医療経済実態調査（保険者調査）	厚生労働省	保険局調査課	一般統計	２年	?登録あり	〇	-	?作成機関情報
00450393	健康保険診療状況実態調査	厚生労働省	保険局調査課	その他	年	-	-	-	-
00450394	国民健康保険医療給付実態調査	厚生労働省	保険局調査課	その他	年	?登録あり	〇	-	?作成機関情報
00450395	国民健康保険診療施設年報	厚生労働省	保険局調査課	その他	年	?登録あり	〇	-	?作成機関情報
00450396	国民健康保険事業月報等	厚生労働省	保険局調査課	業務統計	月、年	?登録あり	〇	-	?作成機関情報
00450397	国民健康保険実態調査	厚生労働省	保険局調査課	業務統計	年	?登録あり	〇	-	?作成機関情報
00450398	国民健康保険診療状況実態調査	厚生労働省	保険局調査課	その他	年	-	-	-	-
00450399	「医療費の動向」調査	厚生労働省	保険局調査課	一般統計	月、年	?登録あり	〇	〇	?作成機関情報
00450400	在宅歯科医療に関する調査	厚生労働省	保険局医療課	一般統計	１回限り	?登録あり	〇	-	?作成機関情報
00450401	20歳前障害基礎年金受給権者実態調査	厚生労働省	年金局年金課	業務統計	年	-	-	-	-
00450411	年金制度基礎調査	厚生労働省	年金局数理課	一般統計	不定期	?登録あり	〇	-	?作成機関情報
00450421	社会保障制度企画調査	厚生労働省	政策統括官付政策評価官室	その他	所得再分配調査の中間年	?登録あり	〇	-	?作成機関情報
00450422	所得再分配調査	厚生労働省	政策統括官付政策評価官室	一般統計	３年	?登録あり	〇	〇	?作成機関情報
00450431	社会保障・人口問題基本調査（出生動向基本調査）	厚生労働省	国立社会保障・人口問題研究所	一般統計	５年	?登録あり	〇	-	?作成機関情報
00450432	社会保障・人口問題基本調査（人口移動調査）	厚生労働省	国立社会保障・人口問題研究所	一般統計	５年	?登録あり	〇	-	?作成機関情報
00450433	社会保障・人口問題基本調査（生活と支え合いに関する調査）	厚生労働省	国立社会保障・人口問題研究所	一般統計	５年	?登録あり	〇	-	?作成機関情報
00450434	社会保障・人口問題基本調査（全国家庭動向調査）	厚生労働省	国立社会保障・人口問題研究所	一般統計	５年	?登録あり	〇	-	?作成機関情報
00450435	社会保障・人口問題基本調査（世帯動態調査）	厚生労働省	国立社会保障・人口問題研究所	一般統計	５年	?登録あり	〇	-	?作成機関情報
00450437	社会保障費用統計	厚生労働省	国立社会保障・人口問題研究所	基幹統計	年	?登録あり	〇	〇	?作成機関情報
00450451	能力開発基本調査	厚生労働省	人材開発統括官付政策企画室	一般統計	年	?登録あり	〇	〇	?作成機関情報
00450461	公的年金加入状況等調査	厚生労働省	年金局事業企画課調査室	一般統計	３年	?登録あり	〇	-	?作成機関情報
00450462	国民年金被保険者実態調査	厚生労働省	年金局事業企画課調査室	一般統計業務統計	３年	?登録あり	〇	-	?作成機関情報
00450463	厚生年金保険・国民年金事業統計	厚生労働省	年金局事業企画課調査室	業務統計	月、年	?登録あり	〇	-	?作成機関情報
00450464	業態別・規模別適用状況調	厚生労働省	年金局事業企画課調査室	業務統計	年	?登録あり	〇	-	?作成機関情報
00450465	公務員及び私学教職員に関する厚生年金保険適用給付状況調査	厚生労働省	年金局事業企画課調査室	一般統計	月、年	-	-	-	-
00450471	保健師活動領域調査	厚生労働省	健康局健康課保健指導室	一般統計	年（一部 ３年に一度）	?登録あり	〇	-	?作成機関情報
00450481	医科歯科連携の在り方に関する調査	厚生労働省	保険局医療課	一般統計	１回限り	-	-	-	-
00450482	「調剤医療費の動向」調査	厚生労働省	保険局調査課	業務統計	月	?登録あり	〇	-	?作成機関情報
00450483	健康保険・船員保険事業状況報告	厚生労働省	保険局調査課	業務統計	月、年	?登録あり	〇	-	?作成機関情報
00450484	入院基本料等実施状況報告	厚生労働省	保険局医療課	業務統計	年	-	-	-	-
00450501	年金制度に関する総合調査	厚生労働省	年金局総務課	一般統計	１回限り	?登録あり	〇	-	?作成機関情報
00450521	水道事業における耐震化の状況	厚生労働省	医薬・生活衛生局水道課	業務統計	年	-	-	-	-
00450531	検疫所業務年報	厚生労働省	医薬・生活衛生局生活衛生・食品安全企画課検疫所業務管理室	業務統計	年	-	-	-	-
00450532	輸入食品監視統計	厚生労働省	医薬・生活衛生局生活衛生・食品安全企画課検疫所業務管理室	業務統計	年	-	-	-	-
00450541	労働基準監督年報	厚生労働省	労働基準局監督課	業務統計	年	-	-	-	-
00450551	労働災害発生状況	厚生労働省	労働基準局安全衛生部安全課	業務統計	月	?登録あり	〇	-	?作成機関情報
00450561	労働保険の適用徴収状況	厚生労働省	労働基準局労働保険徴収課	業務統計	月、年	-	-	-	-
00450571	石綿による疾病に関する労災保険給付などの請求・決定状況	厚生労働省	労働基準局補償課	業務統計	年	?登録あり	〇	-	?作成機関情報
00450572	過労死等の労災補償状況	厚生労働省	労働基準局補償課	業務統計	年	?登録あり	〇	-	?作成機関情報
00450581	労災保険事業月報	厚生労働省	労働基準局労災保険業務課	業務統計	月	?登録あり	〇	-	?作成機関情報
00450582	労働者災害補償保険事業年報	厚生労働省	労働基準局労災保険業務課	業務統計	年	?登録あり	〇	-	?作成機関情報
00450591	障害者雇用状況	厚生労働省	職業安定局障害者雇用対策課	業務統計	年	-	-	-	-
00450601	労働者派遣事業報告書の集計結果	厚生労働省	職業安定局需給調整事業課	業務統計	年	-	-	-	-
00450602	職業紹介事業報告書の集計結果	厚生労働省	職業安定局需給調整事業課	業務統計	年	-	-	-	-
00450621	高年齢者の雇用状況	厚生労働省	職業安定局高齢者雇用対策課	業務統計	年	-	-	-	-
00450631	「技能検定」の実施状況まとめ	厚生労働省	人材開発統括官付能力評価担当参事官室	業務統計	年	-	-	-	-
00450632	「若年技能者人材育成支援等事業」に係るものづくりマイスター認定状況	厚生労働省	人材開発統括官付能力評価担当参事官室	業務統計	月	-	-	-	-
00450643	ハロートレーニング（公共職業訓練）の実施状況	厚生労働省	人材開発統括官付人材開発政策担当参事官室	業務統計	年	?登録あり	〇	-	?作成機関情報
00450651	子ども虐待による死亡事例等の検証結果及び児童虐待相談対応件数等	厚生労働省	子ども家庭局家庭福祉課虐待防止対策推進室	業務統計	年	-	-	-	-
00450652	市区町村の児童家庭相談業務の実施状況等の調査結果	厚生労働省	子ども家庭局家庭福祉課虐待防止対策推進室	業務統計	年	-	-	-	-
00450671	放課後児童健全育成事業（放課後児童クラブ）の実施状況	厚生労働省	子ども家庭局子育て支援課	業務統計	５年	-	-	-	-
00450681	保育所等関連状況取りまとめ	厚生労働省	子ども家庭局保育課	業務統計	年	-	-	-	-
00450682	10月時点の保育所等の待機児童数の状況について	厚生労働省	子ども家庭局保育課	業務統計	年	-	-	-	-
00450691	乳幼児等に係る医療費の援助についての調査結果	厚生労働省	子ども家庭局母子保健課	業務統計	年	-	-	-	-
00450693	妊婦健康診査の公費負担の状況にかかる調査結果	厚生労働省	子ども家庭局母子保健課	業務統計	２年	-	-	-	-
00450701	次世代育成支援対策推進法に基づく一般事業主行動計画策定届の届出及び認定状況	厚生労働省	雇用環境・均等局職業生活両立課	業務統計	四半期	-	-	-	-
00450711	使用者による障害者虐待の状況等	厚生労働省	雇用環境・均等局総務課	業務統計	年	-	-	-	-
00450712	個別労働紛争解決制度施行状況	厚生労働省	雇用環境・均等局総務課	業務統計	年	-	-	-	-
00450731	特定健診・特定保健指導の実施状況	厚生労働省	保険局医療介護連携政策課医療費適正化対策推進室	業務統計	年	-	-	-	-
00450741	厚生年金基金の財政状況等	厚生労働省	年金局企業年金・個人年金課	業務統計	年	?登録あり	〇	-	?作成機関情報
00450742	厚生年金基金の解散・代行返上の状況	厚生労働省	年金局企業年金・個人年金課	業務統計	月	?登録あり	〇	-	?作成機関情報
00450743	厚生年金基金等の未請求者の状況	厚生労働省	年金局企業年金・個人年金課	業務統計	年	?登録あり	〇	-	?作成機関情報
00450744	国民年金基金等の未請求者の状況	厚生労働省	年金局企業年金・個人年金課	業務統計	年	?登録あり	〇	-	?作成機関情報
00450745	確定拠出年金の施行状況	厚生労働省	年金局企業年金・個人年金課	業務統計	月	?登録あり	〇	-	?作成機関情報
00450746	企業型年金の運用実態について	厚生労働省	年金局企業年金・個人年金課	業務統計	月	?登録あり	〇	-	?作成機関情報
00450747	規約数等の推移	厚生労働省	年金局企業年金・個人年金課	業務統計	年	?登録あり	〇	-	?作成機関情報
00450748	確定給付企業年金の事業状況等	厚生労働省	年金局企業年金・個人年金課	業務統計	年	?登録あり	〇	-	?作成機関情報
00450749	厚生年金基金資産運用業務報告書	厚生労働省	年金局企業年金・個人年金課	業務統計	年	?登録あり	〇	-	?作成機関情報
00450751	年金記録に係る訂正請求の受付・処理状況	厚生労働省	年金局事業管理課年金記録審査室	業務統計	月	-	-	-	-
00450771	民間主要企業夏季一時金妥結状況	厚生労働省	政策統括官（労働）付労使関係担当参事官室	業務統計	年	-	-	-	-
00450772	民間主要企業春季賃上げ要求・妥結状況	厚生労働省	政策統括官（労働）付労使関係担当参事官室	業務統計	年	-	-	-	-
00450773	民間主要企業年末一時金妥結状況	厚生労働省	政策統括官（労働）付労使関係担当参事官室	業務統計	年	-	-	-	-
00450801	かかりつけ歯科医機能の在り方に関する調査	厚生労働省	保険局医療課	一般統計	２年	-	-	-	-
00452001	賃金事情等総合調査	中央労働委員会	事務局総務課広報調査室	業務統計	年、２年	?登録あり	〇	〇	?作成機関情報
00500000	産業連関構造調査	農林水産省	大臣官房統計部統計企画管理官	一般統計	５年	?登録あり	〇	〇	?作成機関情報
00500001	農業・食料関連産業の経済計算	農林水産省	大臣官房統計部統計企画管理官	加工統計	年	?登録あり	〇	〇	?作成機関情報
00500002	農林漁業及び関連産業を中心とした産業連関表（飲食費のフローを含む。）	農林水産省	統計部統計企画管理官	加工統計	５年	-	-	-	-
00500100	農林水産物輸出入統計	農林水産省	大臣官房国際部国際経済課	加工統計	月、年	?登録あり	〇	〇	?作成機関情報
00500200	農林水産業生産指数	農林水産省	大臣官房統計部統計企画管理官	加工統計	年	-	-	-	-
00500201	農業経営統計調査	農林水産省	大臣官房統計部経営・構造統計課	基幹統計	年	?登録あり	〇	〇	?作成機関情報
00500202	林業経営統計調査	農林水産省	大臣官房統計部経営・構造統計課	一般統計	５年	?登録あり	〇	〇	?作成機関情報
00500203	漁業経営統計調査	農林水産省	大臣官房統計部経営・構造統計課	一般統計	年	?登録あり	〇	〇	?作成機関情報
00500204	農業物価統計調査	農林水産省	大臣官房統計部経営・構造統計課	一般統計	月、年	?登録あり	〇	〇	?作成機関情報
00500205	環境保全型農業推進農家の経営分析調査	農林水産省	大臣官房統計部経営・構造統計課	その他	１回限り	?登録あり	〇	-	?作成機関情報
00500206	生産農業所得統計	農林水産省	大臣官房統計部経営・構造統計課	加工統計	年	?登録あり	〇	〇	?作成機関情報
00500207	林業産出額	農林水産省	大臣官房統計部経営・構造統計課	加工統計	年	?登録あり	〇	〇	?作成機関情報
00500208	漁業産出額	農林水産省	大臣官房統計部経営・構造統計課	加工統計	年	?登録あり	〇	〇	?作成機関情報
00500209	農林業センサス	農林水産省	大臣官房統計部経営・構造統計課センサス統計室	基幹統計	５年	?登録あり	〇	〇	?作成機関情報
00500210	漁業センサス	農林水産省	大臣官房統計部経営・構造統計課センサス統計室	基幹統計	５年	?登録あり	〇	〇	?作成機関情報
00500211	農業構造動態調査	農林水産省	大臣官房統計部経営・構造統計課センサス統計室	一般統計	年	?登録あり	〇	〇	?作成機関情報
00500212	農林水産業新規就業者等調査	農林水産省	大臣官房統計部経営・構造統計課センサス統計室	その他	年	-	-	-	-
00500213	漁業構造動態調査	農林水産省	大臣官房統計部経営・構造統計課センサス統計室	一般統計	年	?登録あり	〇	〇	?作成機関情報
00500214	農道・林道整備状況調査	農林水産省	大臣官房統計部経営・構造統計課センサス統計室	その他	年	?登録あり	〇	-	?作成機関情報
00500215	作物統計調査	農林水産省	大臣官房統計部生産流通消費統計課	基幹統計	年	?登録あり	〇	〇	?作成機関情報
00500216	海面漁業生産統計調査	農林水産省	大臣官房統計部生産流通消費統計課	基幹統計	年	?登録あり	〇	〇	?作成機関情報
00500217	木材統計調査	農林水産省	大臣官房統計部生産流通消費統計課	基幹統計	月、年	?登録あり	〇	〇	?作成機関情報
00500218	遊漁採捕量調査	農林水産省	大臣官房統計部生産流通消費統計課	その他	５年	?登録あり	〇	-	?作成機関情報
00500219	木材流通統計調査	農林水産省	大臣官房統計部生産流通消費統計課	一般統計	月、５年	?登録あり	〇	〇	?作成機関情報
00500220	内水面漁業生産統計調査	農林水産省	大臣官房統計部生産流通消費統計課	一般統計	年	-	-	-	-
00500221	特定作物統計調査	農林水産省	大臣官房統計部生産流通消費統計課	一般統計	年	?登録あり	〇	-	?作成機関情報
00500222	畜産統計調査	農林水産省	大臣官房統計部生産流通消費統計課	一般統計	サス年は一部休	?登録あり	〇	〇	?作成機関情報
00500223	持続的生産環境に関する実態調査	農林水産省	大臣官房統計部生産流通消費統計課・経営構造統計課センサス統計室	その他	年	-	-	-	-
00500224	繭生産統計	農林水産省	大臣官房統計部生産流通消費統計課	その他	年	?登録あり	〇	-	?作成機関情報
00500225	牛乳乳製品統計調査	農林水産省	大臣官房統計部生産流通消費統計課消費統計室	基幹統計	月、年	?登録あり	〇	〇	?作成機関情報
00500226	青果物卸売市場調査	農林水産省	大臣官房統計部生産流通消費統計課消費統計室	一般統計	"日、年
（月別）"	?登録あり	〇	〇	?作成機関情報
00500227	畜産物流通調査	農林水産省	大臣官房統計部生産流通消費統計課消費統計室	一般統計	日、月、年	?登録あり	〇	〇	?作成機関情報
00500228	水産物流通調査	農林水産省	大臣官房統計部生産流通消費統計課消費統計室	一般統計	年	?登録あり	〇	〇	?作成機関情報
00500229	花き卸売市場調査	農林水産省	大臣官房統計部生産流通消費統計課消費統計室	その他	月	?登録あり	〇	-	?作成機関情報
00500230	食品産業動向調査	農林水産省	大臣官房統計部生産流通消費統計課消費統計室	その他	年	?登録あり	〇	-	?作成機関情報
00500231	食品循環資源の再生利用等実態調査	農林水産省	大臣官房統計部生産流通消費統計課消費統計室	一般統計	１回限り	?登録あり	〇	〇	?作成機関情報
00500232	食品流通段階別価格形成調査	農林水産省	大臣官房統計部生産流通消費統計課消費統計室	一般統計	不定期	?登録あり	〇	〇	?作成機関情報
00500233	食品流通構造調査	農林水産省	大臣官房統計部生産流通消費統計課消費統計室	その他	年	?登録あり	〇	-	?作成機関情報
00500234	農産物地産地消等実態調査	農林水産省	大臣官房統計部生産流通消費統計課消費統計室	一般統計	不定期	?登録あり	〇	-	?作成機関情報
00500235	生鮮野菜価格動向調査	農林水産省	大臣官房統計部生産流通消費統計課消費統計室	一般統計	四半期	?登録あり	〇	〇	?作成機関情報
00500236	新規就農者調査	農林水産省	大臣官房統計部経営・構造統計課センサス統計室	一般統計	年	?登録あり	〇	〇	?作成機関情報
00500237	新規就農者就業状態調査	農林水産省	大臣官房統計部経営・構造統計課センサス統計室	一般統計	５年	?登録あり	〇	-	?作成機関情報
00500238	集落営農実態調査	農林水産省	大臣官房統計部経営・構造統計課センサス統計室	一般統計	年	?登録あり	〇	〇	?作成機関情報
00500239	集落営農実態調査（集落営農活動実態調査）	農林水産省	大臣官房統計部経営・構造統計課センサス統計室	一般統計	年	-	-	-	-
00500240	農業資源調査	農林水産省	大臣官房統計部経営・構造統計課センサス統計室	一般統計	年	?登録あり	〇	-	?作成機関情報
00500241	食品産業活動実態調査	農林水産省	大臣官房統計部生産流通消費統計課消費統計室	一般統計	年、３年	?登録あり	〇	-	?作成機関情報
00500242	青果物・花き集出荷機構調査	農林水産省	大臣官房統計部生産流通消費統計課	一般統計	５年	?登録あり	〇	-	?作成機関情報
00500243	農業農村地域資源・環境総合調査	農林水産省	大臣官房統計部経営・構造統計課センサス統計室	その他	年	?登録あり	〇	-	?作成機関情報
00500244	生産者の米穀在庫等調査	農林水産省	大臣官房統計部経営・構造統計課	一般統計	年２回、年	?登録あり	〇	〇	?作成機関情報
00500245	なたね、そば等生産費調査	農林水産省	大臣官房統計部経営・構造統計課	一般統計	年	-	-	-	-
00500246	農道整備状況調査	農林水産省	大臣官房統計部経営・構造統計課センサス統計室	一般統計	年	?登録あり	〇	〇	?作成機関情報
00500247	６次産業化総合調査	農林水産省	大臣官房統計部生産流通消費統計課消費統計室	一般統計	年	?登録あり	〇	〇	?作成機関情報
00500248	野生鳥獣資源利用実態調査	農林水産省	大臣官房統計部生産流通消費統計課消費統計室	一般統計	毎年（予定）	?登録あり	〇	〇	?作成機関情報
00500249	市町村別農業産出額（推計）	農林水産省	大臣官房統計部経営・構造統計課	加工統計	年	?登録あり	〇	〇	?作成機関情報
00500250	食料・農林水産業・農山漁村に関する意向調査	農林水産省	大臣官房統計部統計企画管理官	その他	不定期	-	-	-	-
00500300	食料需給表	農林水産省	大臣官房政策課食料安全保障室	加工統計	年	?登録あり	〇	〇	?作成機関情報
00500301	容器包装利用・製造等実態調査	農林水産省	大臣官房統計部生産流通消費統計課消費統計室	一般統計	年	?登録あり	〇	〇	?作成機関情報
00500302	食品産業企業設備投資動向調査	農林水産省	食料産業局企画課	一般統計	年	?登録あり	〇	〇	?作成機関情報
00500303	食料品生産実態調査	農林水産省	食料産業局食品製造課	その他	月、四半期、年	?登録あり	〇	-	?作成機関情報
00500304	油糧生産実績調査	農林水産省	大臣官房統計部生産流通消費統計課	一般統計	月	?登録あり	〇	〇	?作成機関情報
00500305	米麦の出荷等に関する基本調査	農林水産省	政策統括官付農産企画課	その他	年	-	-	-	-
00500306	米穀の流通・消費等動態調査	農林水産省	政策統括官付農産企画課	その他	月、年	?登録あり	〇	-	?作成機関情報
00500307	米麦加工食品生産動態等統計調査	農林水産省	大臣官房政策課食料安全保障室	その他	月、年	?登録あり	〇	-	?作成機関情報
00500308	製粉及び精麦工場経営概況調査	農林水産省	政策統括官付貿易業務課	その他	月、年	-	-	-	-
00500309	外食産業に関する基本調査	農林水産省	食料産業局食文化・市場開拓課	その他	年	-	-	-	-
00500310	食糧統計年報	農林水産省	政策統括官付農産企画課	業務統計	年	?登録あり	〇	-	?作成機関情報
00500311	食品製造業におけるHACCPに沿った衛生管理の導入状況実態調査	農林水産省	大臣官房統計部生産流通消費統計課消費統計室	一般統計	年	?登録あり	〇	〇	?作成機関情報
00500400	動物検疫統計	農林水産省	動物検疫所企画管理部調査課	業務統計	月、年	-	-	-	-
00500500	土壌改良資材の生産量及び輸入量調査	農林水産省	大臣官房統計部生産流通消費統計課	一般統計	年	?登録あり	〇	〇	?作成機関情報
00500501	地域特産野菜生産状況調査	農林水産省	大臣官房統計部生産流通消費統計課	一般統計	２年	?登録あり	〇	〇	?作成機関情報
00500502	園芸用施設及び農業用廃プラスチックに関する調査	農林水産省	生産局園芸作物課花き産業・施設園芸振興室	業務統計	２年	?登録あり	〇	-	?作成機関情報
00500503	特産果樹生産動態等調査	農林水産省	生産局農産部園芸作物課	業務統計	年	?登録あり	〇	〇	?作成機関情報
00500504	蚕糸業需給動向調査	農林水産省	生産局地域対策官	その他	隔月	?登録あり	〇	-	?作成機関情報
00500505	特産農作物の生産実績調査	農林水産省	生産局地域対策官	その他	年	?登録あり	〇	-	?作成機関情報
00500506	蚕業に関する調査	農林水産省	生産局地域対策官	その他	年	?登録あり	〇	-	?作成機関情報
00500507	飼料需給表	農林水産省	生産局飼料課	加工統計	年	-	-	-	-
00500508	牛乳乳製品の生産動向	農林水産省	生産局畜産部牛乳乳製品課	加工統計	月	?登録あり	〇	〇	?作成機関情報
00500509	チーズの需給表	農林水産省	生産局畜産部牛乳乳製品課	加工統計	年	?登録あり	〇	〇	?作成機関情報
00500510	花き産業振興総合調査	農林水産省	大臣官房統計部生産流通消費統計課	一般統計	年	?登録あり	〇	〇	?作成機関情報
00500600	農業経営改善計画の営農類型別認定状況	農林水産省	経営局経営政策課	業務統計	年	?登録あり	〇	〇	?作成機関情報
00500601	土地管理情報収集分析調査	農林水産省	経営局農地政策課	その他	年	?登録あり	〇	-	?作成機関情報
00500602	農業協同組合及び同連合会一斉調査	農林水産省	大臣官房統計部経営・構造統計課センサス統計室	一般統計	年、２年	?登録あり	〇	〇	?作成機関情報
00500603	農業協同組合等現在数統計	農林水産省	経営局協同組織課	業務統計	年	?登録あり	〇	〇	?作成機関情報
00500604	農作物共済統計表	農林水産省	経営局保険課	業務統計	年	?登録あり	〇	〇	?作成機関情報
00500605	家畜共済統計表	農林水産省	経営局保険課	業務統計	年	?登録あり	〇	〇	?作成機関情報
00500606	果樹共済統計表	農林水産省	経営局保険課	業務統計	年	?登録あり	〇	〇	?作成機関情報
00500607	畑作物共済統計表	農林水産省	経営局保険課	業務統計	年	?登録あり	〇	〇	?作成機関情報
00500608	園芸施設共済統計表	農林水産省	経営局保険課	業務統計	年	?登録あり	〇	〇	?作成機関情報
00500609	農地の権利移動・借賃等調査	農林水産省	経営局農地政策課	業務統計	年	?登録あり	〇	〇	?作成機関情報
00500700	農村地域工業等導入基本方針策定等調査	農林水産省	農村振興局農村政策部農村計画課農村政策推進室	その他	５年	-	-	-	-
00500701	中山間地域等直接支払制度の実施状況	農林水産省	農村振興局農村政策部地域振興課中山間地域室	業務統計	年	?登録あり	〇	〇	?作成機関情報
00500702	農村地域工業等導入地区管理基本調査	農林水産省	農村振興局農村政策部農村計画課農村政策推進室	その他	年	-	-	-	-
00500800	農林水産関係試験研究機関基礎調査	農林水産省	農林水産技術会議事務局研究企画課	業務統計	年	?登録あり	〇	〇	?作成機関情報
00500900	農林漁業体験学習の取組（教育ファーム）実態調査	農林水産省	食料産業局食文化・市場開拓課	一般統計	年	?登録あり	〇	-	?作成機関情報
00501000	木材需給表	林野庁	林政部企画課	加工統計	年	?登録あり	〇	〇	?作成機関情報
00501001	森林組合一斉調査	林野庁	"林政部経営課移管
大臣官房統計部経営・構造統計課センサス統計室"	一般統計	年	?登録あり	〇	〇	?作成機関情報
00501002	森林づくり活動についての実態調査	林野庁	森林整備部森林利用課	一般統計	３年	?登録あり	〇	-	?作成機関情報
00501003	緑化樹木の生産状況調査	林野庁	森林整備部整備課	その他	年	?登録あり	〇	-	?作成機関情報
00501004	特用林産物生産統計調査	林野庁	"林政部経営課移管
大臣官房統計部生産流通消費統計課"	一般統計	年	?登録あり	〇	〇	?作成機関情報
00501005	国有林野事業統計書	林野庁	国有林野部経営企画課	業務統計	年	?登録あり	〇	〇	?作成機関情報
00501006	森林国営保険事業統計書	林野庁	森林整備部計画課	業務統計	年	?登録あり	〇	-	?作成機関情報
00501007	森林資源の現況	林野庁	森林整備部計画課	業務統計	５年	?登録あり	〇	-	?作成機関情報
00501008	木質バイオマスエネルギー利用動向調査	林野庁	"林政部木材利用課移管
大臣官房統計部生産流通消費統計課"	一般統計	年	?登録あり	〇	〇	?作成機関情報
00502000	都道府県知事認可の漁業協同組合の職員に関する一斉調査	水産庁	"漁政部水産経営課移管
大臣官房統計部経営・構造統計課センサス統計室"	一般統計	２年	?登録あり	〇	〇	?作成機関情報
00502001	水産加工業経営実態調査	水産庁	漁政部加工流通課	一般統計	不定期	?登録あり	〇	〇	?作成機関情報
00502002	遊漁採捕量調査	水産庁	資源管理部管理調整課	一般統計	不定期	?登録あり	〇	-	?作成機関情報
00502003	水産業協同組合年次報告	水産庁	漁政部水産経営課	業務統計	年	?登録あり	〇	〇	?作成機関情報
00502004	水産業協同組合統計表	水産庁	漁政部水産経営課	業務統計	年	-	-	-	-
00502005	水産物流通調査（産地水産物用途別出荷量調査、冷蔵水産物在庫量調査）	水産庁	"漁政部加工流通課移管
大臣官房統計部生産流通消費統計課消費統計室"	一般統計	月、年	?登録あり	〇	〇	?作成機関情報
00550004	経済構造実態調査	経済産業省	大臣官房調査統計グループ構造統計室	基幹統計	年	-	-	-	-
00550005	経済センサス-活動調査	経済産業省	大臣官房調査統計グループ構造統計室	基幹統計	５年	?登録あり	〇	-	?作成機関情報
00550010	工業統計調査	経済産業省	大臣官房調査統計グループ構造統計室	基幹統計	年	?登録あり	〇	〇	?作成機関情報
00550020	商業統計調査	経済産業省	大臣官房調査統計グループ構造統計室	基幹統計	５年	?登録あり	〇	〇	?作成機関情報
00550025	消費者向け電子商取引実態調査	経済産業省	大臣官房調査統計グループ構造統計室	一般統計	未定	?登録あり	〇	-	?作成機関情報
00550030	商業動態統計調査	経済産業省	大臣官房調査統計グループサービス動態統計室	基幹統計	月	?登録あり	〇	〇	?作成機関情報
00550035	専門量販店販売統計調査	経済産業省	大臣官房調査統計グループサービス動態統計室	一般統計	月	?登録あり	〇	〇	?作成機関情報
00550036	ビッグデータを活用した商業動態統計調査（試験調査：家電大型専門店分野）	経済産業省	大臣官房調査統計グループサービス動態統計室	一般統計	１回限り	?登録あり	〇	-	?作成機関情報
00550040	特定サービス産業実態調査	経済産業省	大臣官房調査統計グループ構造統計室	基幹統計	年	?登録あり	〇	〇	?作成機関情報
00550050	特定サービス産業動態統計調査	経済産業省	大臣官房調査統計グループサービス動態統計室	一般統計	月	?登録あり	〇	〇	?作成機関情報
00550051	特定サービス産業動態売上高指数	経済産業省	大臣官房調査統計グループサービス動態統計室	加工統計	月	?登録あり	〇	〇	?作成機関情報
00550060	本邦鉱業のすう勢調査	経済産業省	大臣官房調査統計グループ構造統計室	その他	５年	?登録あり	〇	-	?作成機関情報
00550070	特定機械設備統計調査	経済産業省	大臣官房調査統計グループ構造統計室	その他	不定期	?登録あり	〇	-	?作成機関情報
00550080	シェアリングエコノミーに関する実態調査	経済産業省	大臣官房調査統計グループ構造統計室	一般統計	年	?登録あり	〇	-	?作成機関情報
00550100	経済産業省企業活動基本調査	経済産業省	大臣官房調査統計グループ企業統計室	基幹統計	年	?登録あり	〇	〇	?作成機関情報
00550110	外資系企業動向調査	経済産業省	貿易経済協力局投資促進課	一般統計	年	?登録あり	〇	〇	?作成機関情報
00550120	海外事業活動基本調査	経済産業省	大臣官房調査統計グループ企業統計室	一般統計	年	?登録あり	〇	-	?作成機関情報
00550130	海外現地法人四半期調査	経済産業省	大臣官房調査統計グループ企業統計室	一般統計	四半期	?登録あり	〇	-	?作成機関情報
00550140	商工業実態基本調査	経済産業省	大臣官房調査統計グループ企業統計室	その他	５年	?登録あり	〇	-	?作成機関情報
00550150	情報通信業基本調査	経済産業省	大臣官房調査統計グループ企業統計室	一般統計	年	-	-	-	-
00550160	純粋持株会社実態調査	経済産業省	大臣官房調査統計グループ企業統計室	一般統計	年	?登録あり	〇	-	?作成機関情報
00550200	経済産業省生産動態統計調査	経済産業省	大臣官房調査統計グループ鉱工業動態統計室	基幹統計	月	?登録あり	〇	〇	?作成機関情報
00550210	経済産業省特定業種石油等消費動態統計調査	経済産業省	大臣官房調査統計グループ鉱工業動態統計室	基幹統計	月	?登録あり	〇	〇	?作成機関情報
00550300	鉱工業生産・出荷・在庫指数	経済産業省	大臣官房調査統計グループ経済解析室	基幹統計	月	?登録あり	〇	〇	?作成機関情報
00550310	鉱工業出荷内訳表	経済産業省	大臣官房調査統計グループ経済解析室	加工統計	月	?登録あり	〇	-	?作成機関情報
00550320	製造工業生産能力・稼働率指数	経済産業省	大臣官房調査統計グループ経済解析室	基幹統計	月	?登録あり	〇	〇	?作成機関情報
00550330	鉱工業総供給表	経済産業省	大臣官房調査統計グループ経済解析室	加工統計	月	?登録あり	〇	-	?作成機関情報
00550340	製造工業生産予測調査	経済産業省	大臣官房調査統計グループ経済解析室	一般統計	月	-	-	-	-
00550350	製造工業生産予測指数	経済産業省	大臣官房調査統計グループ経済解析室	加工統計	月	?登録あり	〇	-	?作成機関情報
00550360	第3次産業活動指数	経済産業省	大臣官房調査統計グループ経済解析室	加工統計	月	?登録あり	〇	-	?作成機関情報
00550370	第3次産業活動能力・稼働率指数	経済産業省	大臣官房調査統計グループ経済解析室	加工統計	月	?登録あり	〇	-	?作成機関情報
00550380	全産業活動指数	経済産業省	大臣官房調査統計グループ経済解析室	加工統計	月	?登録あり	〇	-	?作成機関情報
00550390	全産業供給指数	経済産業省	大臣官房調査統計グループ経済解析室	加工統計	月	?登録あり	〇	-	?作成機関情報
00550400	産業連関構造調査（鉱工業投入調査）	経済産業省	大臣官房調査統計グループ調査分析支援室	一般統計	５年	?登録あり	〇	-	?作成機関情報
00550410	商品流通調査	経済産業省	大臣官房調査統計グループ調査分析支援室	一般統計	５年	?登録あり	〇	-	?作成機関情報
00550420	産業連関構造調査（資本財販売先調査）	経済産業省	大臣官房調査統計グループ調査分析支援室	一般統計	５年	?登録あり	〇	-	?作成機関情報
00550425	延長産業連関表	経済産業省	大臣官房調査統計グループ調査分析支援室	加工統計	年	?登録あり	〇	-	?作成機関情報
00550430	簡易延長産業連関表	経済産業省	大臣官房調査統計グループ調査分析支援室	加工統計	年	?登録あり	〇	-	?作成機関情報
00550440	地域間産業連関表	経済産業省	大臣官房調査統計グループ調査分析支援室	加工統計	５年	?登録あり	〇	-	?作成機関情報
00550450	地域内産業連関表	経済産業省	大臣官房調査統計グループ調査分析支援室	加工統計	５年	-	-	-	-
00550460	国際産業連関表	経済産業省	大臣官房調査統計グループ調査分析支援室	加工統計	不定期	?登録あり	〇	-	?作成機関情報
00550470	産業連関構造調査（商業マージン調査）	経済産業省	大臣官房調査統計グループ調査分析支援室	一般統計	５年	?登録あり	〇	-	?作成機関情報
00550480	産業連関構造調査（輸入品需要先調査）	経済産業省	大臣官房調査統計グループ調査分析支援室	一般統計	５年	?登録あり	〇	-	?作成機関情報
00550500	経済産業省企業金融調査	経済産業省	経済産業政策局産業資金課	一般統計	年	?登録あり	〇	〇	?作成機関情報
00550510	工場立地動向調査	経済産業省	地域経済産業局地域経済産業グループ地域企業高度化推進課	一般統計	半年	?登録あり	〇	〇	?作成機関情報
00550520	公害防止設備投資調査	経済産業省	産業技術環境局環境政策課環境指導室	一般統計	年	?登録あり	〇	-	?作成機関情報
00550530	リサイクル産業実態調査	経済産業省	資源循環経済課	一般統計	１回限り	?登録あり	〇	-	?作成機関情報
00550540	容器包装利用・製造等実態調査	経済産業省	産業技術環境局リサイクル推進課	一般統計	年	?登録あり	〇	-	?作成機関情報
00550550	鉄鋼需給動態統計調査	経済産業省	製造産業局金属課	一般統計	月	?登録あり	〇	-	?作成機関情報
00550560	鉄鋼生産内訳月報	経済産業省	"製造産業局金属課
製造産業局素形材産業室"	一般統計	月	?登録あり	〇	〇	?作成機関情報
00550570	化学物質の製造・輸入量に関する実態調査	経済産業省	製造産業局化学物質管理課化学物質安全室	一般統計	３年	?登録あり	〇	-	?作成機関情報
00550575	化学物質排出把握管理促進法施行状況調査	経済産業省	化学物質管理課化学物質リスク評価室	一般統計	１回限り	?登録あり	〇	-	?作成機関情報
00550580	機能性化学品動向調査	経済産業省	製造産業局素材産業課	一般統計	四半期	?登録あり	〇	〇	?作成機関情報
00550590	バイオ産業創造基礎調査	経済産業省	商務情報政策局生物化学産業課	一般統計	年	?登録あり	〇	〇	?作成機関情報
00550600	砕石等動態統計調査	経済産業省	製造産業局素材産業課	一般統計	四半期	?登録あり	〇	-	?作成機関情報
00550610	生コンクリート流通統計調査	経済産業省	製造産業局素材産業課	一般統計	四半期	?登録あり	〇	-	?作成機関情報
00550620	建設機械動向調査	経済産業省	製造産業局産業機械課	一般統計	２年	-	-	-	-
00550630	金属加工統計調査	経済産業省	製造産業局素形材産業室	一般統計	月	?登録あり	〇	-	?作成機関情報
00550640	繊維流通統計調査	経済産業省	製造産業局生活製品課	一般統計	月	-	-	-	-
00550650	革需給動態統計調査	経済産業省	製造産業局生活製品課	一般統計	月	?登録あり	〇	-	?作成機関情報
00550660	情報処理実態調査	経済産業省	商務情報政策局総務課	一般統計	１回限り	?登録あり	〇	-	?作成機関情報
00550665	組込みソフトウェア産業実態調査	経済産業省	商務情報政策局情報処理振興課	一般統計	１回限り	-	-	-	-
00550670	家庭電気製品の量販店販売統計調査	経済産業省	商務情報政策局情報通信機器課	一般統計	月	?登録あり	〇	-	?作成機関情報
00550680	中国地域専門量販店販売統計調査	経済産業省	中国経済産業局総務企画部調査課	一般統計	月	?登録あり	〇	-	?作成機関情報
00550690	電気保安統計	経済産業省	商務情報政策局商務流通保安グループ電力安全課	業務統計	年	?登録あり	〇	-	?作成機関情報
00550700	鉱山保安統計月報	経済産業省	商務情報政策局商務流通保安グループ鉱山・火薬類監理官付	業務統計	月	?登録あり	〇	-	?作成機関情報
00550710	スポットＬＮＧ価格調査	経済産業省	商務・サービスG参事官室（商品市場整備担当）	一般統計	月	?登録あり	〇	-	?作成機関情報
00551005	エネルギー消費統計調査	資源エネルギー庁	長官官房総務課戦略企画室	一般統計	年	?登録あり	〇	〇	?作成機関情報
00551010	総合エネルギー統計	資源エネルギー庁	長官官房総合政策課戦略企画室	加工統計	年	?登録あり	〇	-	?作成機関情報
00551011	総合エネルギー統計補足調査（電気事業者の発電量内訳調査）	資源エネルギー庁	長官官房総務課戦略企画室	一般統計	１年	?登録あり	〇	-	?作成機関情報
00551020	石油製品需給動態統計調査	資源エネルギー庁	資源・燃料部政策課	基幹統計	月	?登録あり	〇	〇	?作成機関情報
00551030	石油輸入調査	資源エネルギー庁	資源・燃料部政策課	一般統計	月	?登録あり	〇	-	?作成機関情報
00551040	石油設備調査	資源エネルギー庁	資源・燃料部政策課	一般統計	２年	?登録あり	〇	〇	?作成機関情報
00551050	灯油及びプロパンガス消費実態調査	資源エネルギー庁	資源・燃料部石油流通課	一般統計	２年	?登録あり	〇	-	?作成機関情報
00551060	埋蔵鉱量統計調査	資源エネルギー庁	資源・燃料部鉱物資源課	基幹統計	５年	?登録あり	〇	-	?作成機関情報
00551070	非鉄金属等需給動態統計調査	資源エネルギー庁	資源・燃料部鉱物資源課	一般統計	月	?登録あり	〇	-	?作成機関情報
00551080	貴金属流通統計調査	資源エネルギー庁	資源・燃料部鉱物資源課	一般統計	月	?登録あり	〇	-	?作成機関情報
00551090	非鉄金属海外鉱等受入調査	資源エネルギー庁	資源・燃料部鉱物資源課	一般統計	月	?登録あり	〇	-	?作成機関情報
00551100	レアメタル生産動態統計調査	資源エネルギー庁	資源・燃料部鉱物資源課	一般統計	月	?登録あり	〇	-	?作成機関情報
00551110	電力需要調査	資源エネルギー庁	電力・ガス事業部電力市場整備室	一般統計	四半期	?登録あり	〇	〇	?作成機関情報
00551120	電力調査統計	資源エネルギー庁	電力・ガス事業部電力市場整備室	業務統計	月	?登録あり	〇	〇	?作成機関情報
00551125	電力の送受電に関する実績調査	資源エネルギー庁	電力・ガス事業部電力市場整備室	一般統計	年	-	-	-	-
00551130	ガス事業生産動態統計調査	資源エネルギー庁	電力・ガス事業部ガス市場整備課	基幹統計	月	?登録あり	〇	〇	?作成機関情報
00551140	石油備蓄の現況	資源エネルギー庁	資源・燃料部石油精製備蓄課	業務統計	月	?登録あり	〇	-	?作成機関情報
00551150	LPガス備蓄の現況	資源エネルギー庁	資源・燃料部石油流通課	業務統計	月	?登録あり	〇	-	?作成機関情報
00551160	電気保安統計	資源エネルギー庁	原子力安全・保安院電力安全課	業務統計	年	-	-	-	-
00551170	鉱山保安統計月報	資源エネルギー庁	原子力安全・保安院鉱山保安課	業務統計	月	-	-	-	-
00551180	経済産業省特定業種石油等消費統計調査	資源エネルギー庁	長官官房総務課戦略企画室	基幹統計	月	?登録あり	〇	-	?作成機関情報
00551190	採石業者の業務の状況に関する報告書の集計結果	資源エネルギー庁	資源・燃料部鉱物資源課	その他	年	-	-	-	-
00552010	知的財産活動調査	特許庁	総務部企画調査課	一般統計	年	?登録あり	〇	〇	?作成機関情報
00552020	特許行政年次報告書〈統計・資料編〉	特許庁	総務部企画調査課	業務統計	年	?登録あり	〇	〇	?作成機関情報
00552030	模倣被害実態調査	特許庁	総務部国際協力課	一般統計	年	?登録あり	〇	-	?作成機関情報
00552040	模倣品・海賊版対策の相談業務に関する年次報告	特許庁	総務部国際協力課模倣品対策室	業務統計	１年	-	-	-	-
00553005	経営環境実態調査	中小企業庁	事業環境部企画課調査室	一般統計	年	-	-	-	-
00553010	中小企業実態基本調査	中小企業庁	事業環境部企画課調査室	一般統計	年	?登録あり	〇	〇	?作成機関情報
00553020	下請中小企業短期動向調査	中小企業庁	事業環境部取引課	その他	月	?登録あり	〇	-	?作成機関情報
00553030	規模別製造工業生産指数	中小企業庁	事業環境部企画課調査室	加工統計	月	?登録あり	〇	-	?作成機関情報
00553040	中小企業の経営指標	中小企業庁	事業環境部企画課調査室	その他	年	?登録あり	〇	-	?作成機関情報
00553050	中小商業・サービス業設備投資動向調査	中小企業庁	事業環境部企画課調査室	その他	半年	?登録あり	〇	-	?作成機関情報
00553060	規模別輸出額・輸入額	中小企業庁	事業環境部企画課調査室	加工統計	月	?登録あり	〇	-	?作成機関情報
00553070	規模別国内企業物価指数	中小企業庁	事業環境部企画課調査室	加工統計	月	?登録あり	〇	-	?作成機関情報
00553100	中小企業の企業数・事業所数	中小企業庁	事業環境部企画課調査室	加工統計	２〜３年	?登録あり	〇	-	?作成機関情報
00600010	建設副産物実態調査	国土交通省	総合政策局公共事業企画調整課インフラ情報・環境企画室	一般統計	１回限り	?登録あり	〇	-	?作成機関情報
00600020	大都市交通センサス	国土交通省	総合政策局交通政策課	一般統計	５年	?登録あり	〇	-	?作成機関情報
00600030	建設業構造実態調査	国土交通省	土地・建設産業局建設市場整備課専門工事業・建設関連業振興室	一般統計	５年	?登録あり	〇	-	?作成機関情報
00600040	建設資材・労働力需要実態調査	国土交通省	土地・建設産業局建設市場整備課労働資材対策室	一般統計	２年	?登録あり	〇	-	?作成機関情報
00600050	建設労働需給調査	国土交通省	土地・建設産業局建設市場整備課労働資材対策室	一般統計	月	?登録あり	〇	-	?作成機関情報
00600060	主要建設資材需給・価格動向調査	国土交通省	土地・建設産業局建設市場整備課労働資材対策室	一般統計	月	?登録あり	〇	-	?作成機関情報
00600070	建設機械損料調査	国土交通省	総合政策局公共事業企画調整課施工安全企画室	一般統計	２年	?登録あり	〇	-	?作成機関情報
00600080	建設機械動向調査	国土交通省	総合政策局公共事業企画調整課施工安全企画室	一般統計	２年	?登録あり	〇	〇	?作成機関情報
00600090	リース・レンタル建設機械情勢調査	国土交通省	総合政策局公共事業企画調整課施工安全企画室	一般統計	５年	?登録あり	〇	-	?作成機関情報
00600100	倉庫統計季報	国土交通省	"総合政策局物流政策課
大臣官房参事官（物流産業）室"	業務統計	四半期	?登録あり	〇	-	?作成機関情報
00600120	建築着工統計調査	国土交通省	総合政策局情報政策課建設経済統計調査室	基幹統計	月	?登録あり	〇	〇	?作成機関情報
00600130	建設工事統計調査	国土交通省	総合政策局情報政策課建設経済統計調査室	基幹統計	月、年	?登録あり	〇	〇	?作成機関情報
00600140	建設関連業等の動態統計調査	国土交通省	総合政策局情報政策課建設経済統計調査室	一般統計	月	?登録あり	〇	〇	?作成機関情報
00600150	建設業活動実態調査	国土交通省	総合政策局情報政策課建設経済統計調査室	一般統計	年	?登録あり	〇	〇	?作成機関情報
00600160	建築物実態調査	国土交通省	総合政策局情報政策課建設経済統計調査室	一般統計	年	?登録あり	〇	-	?作成機関情報
00600161	増改築・改装等調査	国土交通省	総合政策局情報政策課建設経済統計調査室	一般統計	年	?登録あり	〇	-	?作成機関情報
00600170	住宅用地完成面積調査	国土交通省	総合政策局情報政策課建設経済統計調査室	一般統計	年	?登録あり	〇	-	?作成機関情報
00600180	産業連関構造調査（土木工事間接工事費投入調査）	国土交通省	総合政策局情報政策課建設経済統計調査室	一般統計	５年	?登録あり	〇	-	?作成機関情報
00600190	産業連関構造調査（独立行政法人等土木工事費投入調査）	国土交通省	総合政策局情報政策課建設経済統計調査室	一般統計	５年	?登録あり	〇	-	?作成機関情報
00600200	産業連関構造調査（土木工事費投入調査）	国土交通省	総合政策局情報政策課建設経済統計調査室	一般統計	５年	?登録あり	〇	-	?作成機関情報
00600210	産業連関構造調査（建築工事費投入調査）	国土交通省	総合政策局情報政策課建設経済統計調査室	一般統計	５年	?登録あり	〇	-	?作成機関情報
00600220	産業連関構造調査（不動産業投入調査）	国土交通省	総合政策局情報政策課建設経済統計調査室	一般統計	５年	?登録あり	〇	-	?作成機関情報
00600230	産業連関構造調査（公共事業工事費投入調査）	国土交通省	総合政策局情報政策課建設経済統計調査室	一般統計	５年	?登録あり	〇	-	?作成機関情報
00600240	建築物滅失統計調査	国土交通省	総合政策局情報政策課建設経済統計調査室	業務統計	月	?登録あり	〇	-	?作成機関情報
00600250	建設業務統計	国土交通省	総合政策局情報政策課建設経済統計調査室	業務統計	年	-	-	-	-
00600260	建設総合統計	国土交通省	総合政策局情報政策課建設経済統計調査室	加工統計	月	?登録あり	〇	-	?作成機関情報
00600270	建設工事費デフレーター	国土交通省	総合政策局情報政策課建設経済統計調査室	加工統計	月、年	?登録あり	〇	-	?作成機関情報
00600280	港湾調査	国土交通省	総合政策局情報政策課交通経済統計調査室	基幹統計	月、年	?登録あり	〇	〇	?作成機関情報
00600290	船舶船員統計調査	国土交通省	総合政策局情報政策本部情報政策課交通経済統計調査室	その他	年	-	-	-	-
00600300	造船造機統計調査	国土交通省	総合政策局情報政策課交通経済統計調査室	基幹統計	月	?登録あり	〇	〇	?作成機関情報
00600310	鉄道車両等生産動態統計調査	国土交通省	総合政策局情報政策課交通経済統計調査室	基幹統計	月、四半期	?登録あり	〇	〇	?作成機関情報
00600320	船員労働統計調査	国土交通省	総合政策局情報政策課交通経済統計調査室	基幹統計	年	?登録あり	〇	〇	?作成機関情報
00600330	自動車輸送統計調査	国土交通省	総合政策局情報政策課交通経済統計調査室	基幹統計	月	?登録あり	〇	〇	?作成機関情報
00600340	内航船舶輸送統計調査	国土交通省	総合政策局情報政策課交通経済統計調査室	基幹統計	月、年	?登録あり	〇	〇	?作成機関情報
00600350	鉄道輸送統計調査	国土交通省	総合政策局情報政策課交通経済統計調査室	一般統計	月、年	?登録あり	〇	-	?作成機関情報
00600360	航空輸送統計調査	国土交通省	総合政策局情報政策課交通経済統計調査室	一般統計	月	?登録あり	〇	〇	?作成機関情報
00600370	自動車燃料消費量調査	国土交通省	総合政策局情報政策課交通経済統計調査室	一般統計	月	?登録あり	〇	〇	?作成機関情報
00600380	海難統計	国土交通省	総合政策局情報政策本部情報政策課交通経済統計調査室	その他	年	-	-	-	-
00600390	交通関連企業設備投資動向調査	国土交通省	総合政策局情報政策課	その他	年	-	-	-	-
00600400	旅客県間流動調査	国土交通省	総合政策局情報政策課	一般統計	年	-	-	-	-
00600410	産業連関構造調査（運輸関連事業投入調査）	国土交通省	総合政策局情報政策課	一般統計	５年	?登録あり	〇	-	?作成機関情報
00600420	産業連関構造調査（内航船舶品目別運賃収入調査）	国土交通省	総合政策局情報政策課	一般統計	５年	-	-	-	-
00600430	産業連関構造調査（有料駐車場に関する投入調査）	国土交通省	総合政策局情報政策課	一般統計	５年	?登録あり	〇	-	?作成機関情報
00600440	産業連関構造調査（こん包業に関する投入調査）	国土交通省	総合政策局情報政策課	一般統計	５年	?登録あり	〇	-	?作成機関情報
00600450	産業連関構造調査（地方公共団体運輸関連施設投入調査）	国土交通省	総合政策局情報政策課	一般統計	５年	?登録あり	〇	-	?作成機関情報
00600460	貨物地域流動調査・旅客地域流動調査	国土交通省	総合政策局情報政策課	加工統計	年	?登録あり	〇	-	?作成機関情報
00600461	幹線旅客流動実態調査（幹線バス旅客流動調査）	国土交通省	総合政策局情報政策課	一般統計	５年	?登録あり	〇	-	?作成機関情報
00600462	幹線旅客流動実態調査（幹線フェリー・旅客船旅客流動実態調査）	国土交通省	総合政策局情報政策課	一般統計	５年	?登録あり	〇	-	?作成機関情報
00600470	法人土地・建物基本調査	国土交通省	土地・建設産業局企画課	基幹統計	５年	?登録あり	〇	〇	?作成機関情報
00600475	世帯土地統計	国土交通省	土地・建設産業局企画課	加工統計	５年	?登録あり	〇	〇	?作成機関情報
00600480	法人建物調査	国土交通省	土地・建設産業局企画課	一般統計	５年	?登録あり	〇	〇	?作成機関情報
00600490	土地保有移動調査	国土交通省	土地・建設産業局企画課	一般統計	年	?登録あり	〇	-	?作成機関情報
00600500	企業の土地取得状況等に関する調査	国土交通省	土地・建設産業局企画課	一般統計	年	?登録あり	〇	〇	?作成機関情報
00600501	土地動態調査	国土交通省	土地・建設産業局企画課	一般統計	年	?登録あり	〇	-	?作成機関情報
00600510	小規模事業所における工業用水需要実態調査	国土交通省	水管理・国土保全局水資源部水資源計画課総合水資源管理戦略室	一般統計	不定期	?登録あり	〇	-	?作成機関情報
00600520	東京都市圏物資流動調査	国土交通省	都市局  都市計画課  都市計画調査室	一般統計	10年	?登録あり	〇	-	?作成機関情報
00600530	中京都市圏物資流動調査	国土交通省	都市局  都市計画課  都市計画調査室	一般統計	10年	?登録あり	〇	-	?作成機関情報
00600540	近畿圏物資流動調査	国土交通省	都市局  都市計画課  都市計画調査室	一般統計	10年	?登録あり	〇	-	?作成機関情報
00600545	全国都市交通特性調査	国土交通省	都市局都市計画課都市計画調査室	一般統計	５年	?登録あり	〇	-	?作成機関情報
00600550	東京都市圏パーソントリップ調査	国土交通省	都市局  都市計画課  都市計画調査室	一般統計	10年	?登録あり	〇	-	?作成機関情報
00600560	中京都市圏パーソントリップ調査	国土交通省	都市局  都市計画課  都市計画調査室	一般統計	10年	?登録あり	〇	-	?作成機関情報
00600570	近畿圏パーソントリップ調査	国土交通省	都市局  都市計画課  都市計画調査室	一般統計	10年	?登録あり	〇	-	?作成機関情報
00600580	全国道路・街路交通情勢調査	国土交通省	道路局企画課道路経済調査室	一般統計	５年	?登録あり	〇	-	?作成機関情報
00600590	水害統計調査	国土交通省	水管理・国土保全局河川計画課	一般統計	年	?登録あり	〇	〇	?作成機関情報
00600610	道路統計調査	国土交通省	道路局企画課	業務統計	年	?登録あり	〇	-	?作成機関情報
00600620	全国貨物純流動調査	国土交通省	総合政策局物流政策課及び道路局企画課道路経済調査室	一般統計	５年	?登録あり	〇	-	?作成機関情報
00600630	住宅市場動向調査	国土交通省	住宅局住宅政策課	一般統計	年	?登録あり	〇	〇	?作成機関情報
00600640	空き家所有者実態調査	国土交通省	住宅局住宅政策課	一般統計	５年	?登録あり	〇	〇	?作成機関情報
00600650	住生活総合調査	国土交通省	住宅局住宅政策課	一般統計	５年	?登録あり	〇	〇	?作成機関情報
00600660	住宅市場動向調査	国土交通省	住宅局住宅生産課	その他	年	-	-	-	-
00600670	民間住宅ローンの実態に関する調査	国土交通省	住宅局総務課民間事業支援調整室	一般統計	年	?登録あり	〇	-	?作成機関情報
00600680	鉄道事業実績報告、軌道事業実績報告	国土交通省	鉄道局総務課鉄道サービス政策室	業務統計	年	-	-	-	-
00600690	幹線鉄道旅客流動実態調査	国土交通省	鉄道局施設課	一般統計	５年	?登録あり	〇	-	?作成機関情報
00600700	自動車保有車両数	国土交通省	自動車局自動車情報課	業務統計	月	?登録あり	〇	-	?作成機関情報
00600710	自動車分解整備事業実態調査	国土交通省	自動車局整備課	一般統計	年	?登録あり	〇	-	?作成機関情報
00600720	外航船舶運航実績報告	国土交通省	海事局外航課	業務統計	年	-	-	-	-
00600730	輸送実績報告書	国土交通省	海事局内航課	業務統計	年	?登録あり	〇	-	?作成機関情報
00600740	内航海運業事業概況報告書	国土交通省	海事局内航課	業務統計	年	-	-	-	-
00600750	舶用工業統計	国土交通省	海事局船舶産業課	業務統計	月、年	?登録あり	〇	-	?作成機関情報
00600760	船員異動状況調査	国土交通省	海事局船員政策課	一般統計	年	?登録あり	〇	-	?作成機関情報
00600770	船員単位労働組合基本調査	国土交通省	海事局船員政策課	業務統計	２年	?登録あり	〇	-	?作成機関情報
00600780	全国輸出入コンテナ貨物流動調査	国土交通省	港湾局計画課企画室	一般統計	５年	?登録あり	〇	-	?作成機関情報
00600790	港湾施設現況調査	国土交通省	港湾局計画課企画室	その他	年	-	-	-	-
00600800	航空旅客動態調査	国土交通省	航空局航空ネットワーク部空港計画課空港施設高度利用推進室	一般統計	２年及び全国幹線旅客純流動調査が実施される年	?登録あり	〇	-	?作成機関情報
00600810	航空貨物動態調査	国土交通省	航空局航空ネットワーク部空港計画課空港施設高度利用推進室	一般統計	２年	?登録あり	〇	-	?作成機関情報
00600820	国際航空旅客動態調査	国土交通省	航空局航空ネットワーク部空港計画課空港施設高度利用推進室	一般統計	年	?登録あり	〇	-	?作成機関情報
00600830	国際航空貨物動態調査	国土交通省	航空局航空ネットワーク部空港計画課空港施設高度利用推進室	一般統計	２年	?登録あり	〇	-	?作成機関情報
00600840	北海道法人企業投資状況調査	国土交通省	北海道局参事官	一般統計	年	?登録あり	〇	-	?作成機関情報
00600850	公共測量実態調査	国土交通省	国土地理院企画部測量指導課	業務統計	不定期	?登録あり	〇	-	?作成機関情報
00600860	輸送指数	国土交通省	総合政策局情報政策課	加工統計	月	?登録あり	〇	-	?作成機関情報
00600870	建設投資見通し	国土交通省	総合政策局情報政策課建設経済統計調査室	加工統計	年	?登録あり	〇	〇	?作成機関情報
00600880	設備工事業に係る受注高調査	国土交通省	総合政策局情報政策課建設経済統計調査室	加工統計	月	?登録あり	〇	〇	?作成機関情報
00600890	マンション総合調査	国土交通省	総合政策局情報政策課建設経済統計調査室	一般統計	５年	?登録あり	〇	-	?作成機関情報
00600900	建築物リフォーム・リニューアル調査	国土交通省	総合政策局情報政策課建設経済統計調査室	一般統計	四半期	?登録あり	〇	-	?作成機関情報
00600910	災害統計	国土交通省	水管理・国土保全局防災課	業務統計	年	?登録あり	〇	〇	?作成機関情報
00600920	建設部門分析用産業連関表	国土交通省	総合政策局情報政策課建設経済統計調査室	加工統計	５年	?登録あり	〇	-	?作成機関情報
00600930	バルク貨物流動調査	国土交通省	港湾局計画課企画室	一般統計	５年	?登録あり	〇	-	?作成機関情報
00600940	建築物ストック統計	国土交通省	総合政策局情報政策課建設経済統計調査室	加工統計	年	?登録あり	〇	-	?作成機関情報
00600950	建設部門地域間産業連関表	国土交通省	総合政策局情報政策課建設経済統計調査室	加工統計	５年	?登録あり	〇	-	?作成機関情報
00600960	ユニットロード貨物流動調査	国土交通省	港湾局計画課企画室	一般統計	５年	?登録あり	〇	-	?作成機関情報
00600970	建設工事進捗率調査	国土交通省	総合政策局情報政策課建設経済統計調査室	一般統計	１回限り	?登録あり	〇	-	?作成機関情報
00600980	土地保有・動態調査	国土交通省	土地・建設産業局企画課	一般統計	年	?登録あり	〇	-	?作成機関情報
00601010	旅行・観光消費動向調査	観光庁	観光戦略課観光統計調査室	一般統計	四半期	?登録あり	〇	〇	?作成機関情報
00601020	宿泊旅行統計調査	観光庁	観光戦略課観光統計調査室	一般統計	月	?登録あり	〇	〇	?作成機関情報
00601030	訪日外国人消費動向調査	観光庁	観光戦略課観光統計調査室	一般統計	四半期	?登録あり	〇	〇	?作成機関情報
00601040	観光地域経済調査	観光庁	観光戦略課観光統計調査室	一般統計	１回限り	?登録あり	〇	〇	?作成機関情報
00604010	海上保安統計年報	海上保安庁	総務部政務課	業務統計	年	?登録あり	〇	-	?作成機関情報
00650101	一般廃棄物処理事業実態調査	環境省	環境再生・資源循環局廃棄物適正処理推進課	一般統計	年	?登録あり	〇	-	?作成機関情報
00650102	産業廃棄物排出・処理状況調査	環境省	環境再生・資源循環局廃棄物規制課	一般統計	年	?登録あり	〇	〇	?作成機関情報
00650103	自然公園等利用者数調	環境省	自然環境局国立公園課国立公園利用推進室	一般統計	年	?登録あり	〇	-	?作成機関情報
00650104	エコツーリズムガイド等の国内実態調査	環境省	自然環境局国立公園課国立公園利用推進室	一般統計	１回限り	?登録あり	〇	-	?作成機関情報
00650105	産業廃棄物処理業実態調査	環境省	環境再生・資源循環局廃棄物規制課	一般統計	−	?登録あり	〇	-	?作成機関情報
00650201	環境にやさしい企業行動調査	環境省	大臣官房環境経済課	一般統計	年	?登録あり	〇	-	?作成機関情報
00650202	大気汚染物質排出量総合調査	環境省	水・大気環境局大気環境課	一般統計	３年	?登録あり	〇	-	?作成機関情報
00650203	水質汚濁物質排出量総合調査	環境省	水・大気環境局水環境課	一般統計	２年	?登録あり	〇	〇	?作成機関情報
00650204	環境経済観測調査	環境省	大臣官房環境計画課環境経済政策調査室	一般統計	半年	?登録あり	〇	〇	?作成機関情報
00650205	環境投資等実態調査	環境省	大臣官房環境経済課	一般統計	年	?登録あり	〇	-	?作成機関情報
00650301	振動規制法施行状況調査	環境省	水・大気環境局大気環境課大気生活環境室	業務統計	年	?登録あり	〇	-	?作成機関情報
00650302	騒音規制法施行状況調査	環境省	水・大気環境局大気環境課大気生活環境室	業務統計	年	?登録あり	〇	〇	?作成機関情報
00650303	悪臭防止法施行状況調査	環境省	水・大気環境局大気環境課大気生活環境室	業務統計	年	?登録あり	〇	〇	?作成機関情報
00650304	水質汚濁防止法等の施行状況調査	環境省	水・大気環境局水環境課	業務統計	年	?登録あり	〇	-	?作成機関情報
00650305	大気汚染防止法施行状況調査	環境省	水・大気環境局大気環境課	業務統計	年	?登録あり	〇	〇	?作成機関情報
00650401	家庭からの二酸化炭素排出量の推計に係る実態調査 試験調査	環境省	地球環境局総務課脱炭素社会移行推進室	一般統計	１回限り	?登録あり	〇	〇	?作成機関情報
00650402	環境保健サーベイランス調査	環境省	"大臣官房環境保健部
環境保健企画管理課保健業務室"	一般統計	年	?登録あり	〇	〇	?作成機関情報
00650403	水銀大気排出実態調査	環境省	水・大気環境局大気環境課	一般統計	１回限り	?登録あり	〇	-	?作成機関情報
00650404	動物愛護管理基本指針フォローアップ等検討調査	環境省	自然環境局総務課動物愛護管理室	一般統計	１回限り	?登録あり	〇	-	?作成機関情報
00650405	食品廃棄物等の発生抑制及び再生利用の促進の取組に係る実態調査	環境省	環境再生・資源循環局総務課リサイクル推進室	一般統計	年	?登録あり	〇	〇	?作成機関情報
00650406	産業廃棄物等からの水銀回収等に関する調査	環境省	大臣官房環境保健部環境保健企画管理課水銀対策推進室	一般統計	１回限り	?登録あり	〇	-	?作成機関情報
00650407	容器包装廃棄物の収集運搬・選別保管費用等に関するアンケート調査	環境省	環境再生・資源循環局総務課リサイクル推進室	一般統計	３年	?登録あり	〇	-	?作成機関情報
00650408	家庭部門のCO2排出実態統計調査	環境省	地球環境局総務課脱炭素社会移行推進室	一般統計	年	?登録あり	〇	-	?作成機関情報
00650409	リサイクル産業実態調査	環境省	廃棄物規制課	一般統計	１回限り	-	-	-	-
00700001	駐留軍関係離職者帰すう状況調査	防衛省	地方協力局労務管理課	一般統計	年	?登録あり	〇	〇	?作成機関情報
00700002	留学生受入実績	防衛省	防衛省人事教育局人材育成課	業務統計	年	?登録あり	〇	-	?作成機関情報
00700003	自衛官などの応募及び採用状況	防衛省	防衛省人事教育局人材育成課	業務統計	年	-	-	-	-
00700004	自衛官の定員および現員	防衛省	防衛省人事教育局人材育成課	業務統計	年	-	-	-	-
00700005	退職自衛官の地方公共団体防災関係部局における在職状況	防衛省	防衛省人事教育局人材育成課	業務統計	年	-	-	-	-
